DIPUTADO	BLOQUE	PROVINCIA	142-21-1	142-21-2	142-21-3	142-21-4	142-21-5	142-21-6	142-21-7	142-22-1	142-22-2	142-22-3	142-22-4	142-22-5	142-22-6	142-22-7	142-22-8	142-22-9	142-22-10
ACEVEDO, SERGIO EDGARDO	Por Santa Cruz	Santa Cruz	AFIRMATIVO	AFIRMATIVO	NEGATIVO	AFIRMATIVO	AFIRMATIVO	NEGATIVO	ABSTENCION	NEGATIVO	AFIRMATIVO	AUSENTE	AFIRMATIVO	AFIRMATIVO	AFIRMATIVO	AFIRMATIVO	AFIRMATIVO	AFIRMATIVO	NEGATIVO
AGOST CARREÑO, OSCAR	Encuentro Federal	Córdoba	AFIRMATIVO	ABSTENCION	AFIRMATIVO	AFIRMATIVO	AFIRMATIVO	AFIRMATIVO	AFIRMATIVO	AFIRMATIVO	AFIRMATIVO	AFIRMATIVO	NEGATIVO	AUSENTE	AUSENTE	AUSENTE	AUSENTE	AUSENTE	AFIRMATIVO
AGUIRRE, HILDA	Union Por La Patria	La Rioja	AFIRMATIVO	AFIRMATIVO	NEGATIVO	ABSTENCION	NEGATIVO	NEGATIVO	NEGATIVO	NEGATIVO	AFIRMATIVO	NEGATIVO	AFIRMATIVO	AFIRMATIVO	AFIRMATIVO	AUSENTE	AFIRMATIVO	AFIRMATIVO	NEGATIVO
AGUIRRE, MANUEL IGNACIO	Democracia Para Siempre	Corrientes	AFIRMATIVO	AUSENTE	AUSENTE	AUSENTE	AUSENTE	AUSENTE	AUSENTE	NEGATIVO	NEGATIVO	AFIRMATIVO	NEGATIVO	AUSENTE	AUSENTE	AUSENTE	AUSENTE	AUSENTE	AFIRMATIVO
AJMECHET, SABRINA	Pro	C.A.B.A.	NEGATIVO	NEGATIVO	AFIRMATIVO	AFIRMATIVO	AFIRMATIVO	AFIRMATIVO	AFIRMATIVO	AFIRMATIVO	NEGATIVO	AFIRMATIVO	NEGATIVO	NEGATIVO	NEGATIVO	NEGATIVO	NEGATIVO	NEGATIVO	AFIRMATIVO
ALI, ERNESTO "PIPI"	Union Por La Patria	San Luis	AFIRMATIVO	AFIRMATIVO	NEGATIVO	ABSTENCION	NEGATIVO	NEGATIVO	NEGATIVO	NEGATIVO	AFIRMATIVO	NEGATIVO	AFIRMATIVO	AFIRMATIVO	AFIRMATIVO	AUSENTE	AFIRMATIVO	AFIRMATIVO	NEGATIVO
ALIANIELLO, EUGENIA	Union Por La Patria	Chubut	AFIRMATIVO	AFIRMATIVO	NEGATIVO	AFIRMATIVO	NEGATIVO	NEGATIVO	AFIRMATIVO	NEGATIVO	AFIRMATIVO	NEGATIVO	AFIRMATIVO	AFIRMATIVO	AFIRMATIVO	AUSENTE	AFIRMATIVO	AFIRMATIVO	NEGATIVO
ALLENDE, WALBERTO	Union Por La Patria	San Juan	AFIRMATIVO	AFIRMATIVO	NEGATIVO	ABSTENCION	NEGATIVO	NEGATIVO	AUSENTE	AUSENTE	AUSENTE	AUSENTE	AUSENTE	AUSENTE	AUSENTE	AUSENTE	AUSENTE	AUSENTE	AUSENTE
ALMIRON, LISANDRO	La Libertad Avanza	Corrientes	NEGATIVO	NEGATIVO	AFIRMATIVO	AFIRMATIVO	AFIRMATIVO	AFIRMATIVO	AFIRMATIVO	AFIRMATIVO	NEGATIVO	AFIRMATIVO	NEGATIVO	NEGATIVO	NEGATIVO	AUSENTE	NEGATIVO	NEGATIVO	AFIRMATIVO
ALONSO, CONSTANZA MARIA	Union Por La Patria	Buenos Aires	AFIRMATIVO	AFIRMATIVO	NEGATIVO	NEGATIVO	NEGATIVO	NEGATIVO	NEGATIVO	NEGATIVO	AFIRMATIVO	NEGATIVO	AFIRMATIVO	AFIRMATIVO	AFIRMATIVO	AFIRMATIVO	AFIRMATIVO	AFIRMATIVO	NEGATIVO
ANSALONI, PABLO	La Libertad Avanza	Buenos Aires	NEGATIVO	NEGATIVO	AFIRMATIVO	AFIRMATIVO	AFIRMATIVO	AFIRMATIVO	AFIRMATIVO	AFIRMATIVO	NEGATIVO	AFIRMATIVO	NEGATIVO	NEGATIVO	NEGATIVO	NEGATIVO	NEGATIVO	NEGATIVO	AFIRMATIVO
ANTOLA, MARCELA	Democracia Para Siempre	Entre Ríos	AFIRMATIVO	AFIRMATIVO	AFIRMATIVO	AFIRMATIVO	AFIRMATIVO	AFIRMATIVO	AFIRMATIVO	NEGATIVO	AFIRMATIVO	AFIRMATIVO	AUSENTE	AUSENTE	AUSENTE	AUSENTE	NEGATIVO	AUSENTE	AFIRMATIVO
ARABIA, DAMIAN	Pro	C.A.B.A.	NEGATIVO	NEGATIVO	AFIRMATIVO	AFIRMATIVO	AFIRMATIVO	AFIRMATIVO	AFIRMATIVO	AFIRMATIVO	NEGATIVO	AFIRMATIVO	NEGATIVO	NEGATIVO	NEGATIVO	NEGATIVO	NEGATIVO	NEGATIVO	AFIRMATIVO
ARANCIBIA RODRIGUEZ, ALBERTO GUSTAVO	La Libertad Avanza	San Luis	NEGATIVO	NEGATIVO	AFIRMATIVO	AFIRMATIVO	AFIRMATIVO	AFIRMATIVO	AFIRMATIVO	AFIRMATIVO	NEGATIVO	AFIRMATIVO	NEGATIVO	NEGATIVO	NEGATIVO	NEGATIVO	NEGATIVO	NEGATIVO	AFIRMATIVO
ARAUJO HERNANDEZ, JORGE NERI	Union Por La Patria	Tierra del Fuego	AFIRMATIVO	AFIRMATIVO	NEGATIVO	AFIRMATIVO	NEGATIVO	NEGATIVO	AFIRMATIVO	NEGATIVO	AFIRMATIVO	NEGATIVO	AFIRMATIVO	AFIRMATIVO	AFIRMATIVO	AFIRMATIVO	AFIRMATIVO	AFIRMATIVO	NEGATIVO
ARAUJO, MARIA FERNANDA	La Libertad Avanza	C.A.B.A.	NEGATIVO	NEGATIVO	AFIRMATIVO	AFIRMATIVO	AFIRMATIVO	AFIRMATIVO	AFIRMATIVO	AFIRMATIVO	NEGATIVO	AFIRMATIVO	NEGATIVO	NEGATIVO	NEGATIVO	NEGATIVO	NEGATIVO	NEGATIVO	AFIRMATIVO
ARDOHAIN, MARTIN	Pro	La Pampa	NEGATIVO	NEGATIVO	AFIRMATIVO	AFIRMATIVO	AFIRMATIVO	AFIRMATIVO	AFIRMATIVO	AFIRMATIVO	NEGATIVO	AFIRMATIVO	NEGATIVO	NEGATIVO	NEGATIVO	NEGATIVO	NEGATIVO	NEGATIVO	AFIRMATIVO
ARJOL, MARTIN	Ucr - Union Civica Radical	Misiones	NEGATIVO	NEGATIVO	AFIRMATIVO	AFIRMATIVO	AFIRMATIVO	AFIRMATIVO	AFIRMATIVO	AFIRMATIVO	NEGATIVO	AFIRMATIVO	NEGATIVO	AUSENTE	NEGATIVO	AUSENTE	AUSENTE	AUSENTE	AFIRMATIVO
ARRIETA, LOURDES MICAELA	Fuerzas Del Cielo - Espacio Liberal F.c.e	Mendoza	NEGATIVO	NEGATIVO	AFIRMATIVO	AFIRMATIVO	AUSENTE	AFIRMATIVO	AFIRMATIVO	AFIRMATIVO	NEGATIVO	AFIRMATIVO	NEGATIVO	NEGATIVO	ABSTENCION	NEGATIVO	NEGATIVO	NEGATIVO	AFIRMATIVO
ARROYO, DANIEL	Union Por La Patria	Buenos Aires	AFIRMATIVO	AFIRMATIVO	NEGATIVO	AFIRMATIVO	NEGATIVO	NEGATIVO	AFIRMATIVO	NEGATIVO	AFIRMATIVO	NEGATIVO	AFIRMATIVO	AFIRMATIVO	AFIRMATIVO	AFIRMATIVO	AFIRMATIVO	AFIRMATIVO	NEGATIVO
ARRUA, ALBERTO	Innovacion Federal	Misiones	AUSENTE	AUSENTE	AFIRMATIVO	AFIRMATIVO	AFIRMATIVO	AFIRMATIVO	AFIRMATIVO	AFIRMATIVO	AUSENTE	AFIRMATIVO	NEGATIVO	AUSENTE	AUSENTE	AUSENTE	AUSENTE	AUSENTE	AFIRMATIVO
AUBONE, ANA FABIOLA	Union Por La Patria	San Juan	AFIRMATIVO	AFIRMATIVO	NEGATIVO	ABSTENCION	NEGATIVO	NEGATIVO	NEGATIVO	NEGATIVO	AFIRMATIVO	NEGATIVO	AFIRMATIVO	AFIRMATIVO	AFIRMATIVO	AFIRMATIVO	AFIRMATIVO	AFIRMATIVO	NEGATIVO
AVEIRO, MARTIN	Union Por La Patria	Mendoza	AFIRMATIVO	AFIRMATIVO	NEGATIVO	AFIRMATIVO	NEGATIVO	NEGATIVO	ABSTENCION	NEGATIVO	AFIRMATIVO	NEGATIVO	AFIRMATIVO	AFIRMATIVO	AFIRMATIVO	AFIRMATIVO	AFIRMATIVO	AFIRMATIVO	NEGATIVO
AVICO, BELEN	Pro	Córdoba	NEGATIVO	NEGATIVO	AFIRMATIVO	AFIRMATIVO	AFIRMATIVO	AFIRMATIVO	AFIRMATIVO	AFIRMATIVO	NEGATIVO	AFIRMATIVO	NEGATIVO	NEGATIVO	NEGATIVO	NEGATIVO	NEGATIVO	NEGATIVO	AFIRMATIVO
AVILA, FERNANDA	Union Por La Patria	Catamarca	AFIRMATIVO	AFIRMATIVO	NEGATIVO	AFIRMATIVO	NEGATIVO	NEGATIVO	ABSTENCION	NEGATIVO	AFIRMATIVO	AFIRMATIVO	AFIRMATIVO	AFIRMATIVO	AFIRMATIVO	AFIRMATIVO	AFIRMATIVO	AFIRMATIVO	NEGATIVO
AVILA, JORGE ANTONIO	Encuentro Federal	Chubut	NEGATIVO	AFIRMATIVO	AFIRMATIVO	AFIRMATIVO	AFIRMATIVO	AFIRMATIVO	AFIRMATIVO	AUSENTE	AUSENTE	AUSENTE	AUSENTE	AUSENTE	AUSENTE	AUSENTE	AUSENTE	AUSENTE	AUSENTE
BACHEY, KARINA ETHEL	Pro	San Luis	NEGATIVO	NEGATIVO	AFIRMATIVO	AFIRMATIVO	AFIRMATIVO	AFIRMATIVO	AFIRMATIVO	AFIRMATIVO	NEGATIVO	AFIRMATIVO	NEGATIVO	NEGATIVO	NEGATIVO	NEGATIVO	NEGATIVO	NEGATIVO	AFIRMATIVO
BALDASSI, HECTOR W.	Pro	Córdoba	NEGATIVO	AUSENTE	AFIRMATIVO	AFIRMATIVO	AFIRMATIVO	AFIRMATIVO	AFIRMATIVO	AFIRMATIVO	NEGATIVO	AFIRMATIVO	NEGATIVO	NEGATIVO	NEGATIVO	NEGATIVO	NEGATIVO	NEGATIVO	AFIRMATIVO
BALLEJOS, NANCY	Pro	Entre Ríos	NEGATIVO	NEGATIVO	AFIRMATIVO	AFIRMATIVO	AFIRMATIVO	AFIRMATIVO	AFIRMATIVO	AFIRMATIVO	NEGATIVO	AFIRMATIVO	NEGATIVO	NEGATIVO	NEGATIVO	NEGATIVO	NEGATIVO	NEGATIVO	AFIRMATIVO
BANFI, KARINA	Ucr - Union Civica Radical	Buenos Aires	ABSTENCION	AUSENTE	AFIRMATIVO	ABSTENCION	AFIRMATIVO	AFIRMATIVO	AFIRMATIVO	AFIRMATIVO	NEGATIVO	AFIRMATIVO	AUSENTE	NEGATIVO	NEGATIVO	NEGATIVO	NEGATIVO	NEGATIVO	AFIRMATIVO
BARLETTA, MARIO	Unidos	Santa Fe	AUSENTE	AUSENTE	AUSENTE	AUSENTE	AUSENTE	AUSENTE	AUSENTE	AUSENTE	AUSENTE	AUSENTE	AUSENTE	AUSENTE	AUSENTE	AUSENTE	AUSENTE	AUSENTE	AUSENTE
BASTERRA, LUIS EUGENIO	Union Por La Patria	Formosa	AFIRMATIVO	AFIRMATIVO	NEGATIVO	ABSTENCION	NEGATIVO	NEGATIVO	NEGATIVO	NEGATIVO	AFIRMATIVO	NEGATIVO	AFIRMATIVO	AFIRMATIVO	AFIRMATIVO	AFIRMATIVO	AFIRMATIVO	AFIRMATIVO	NEGATIVO
BENEDETTI, ATILIO	Ucr - Union Civica Radical	Entre Ríos	NEGATIVO	NEGATIVO	AFIRMATIVO	AFIRMATIVO	AFIRMATIVO	AFIRMATIVO	AFIRMATIVO	AFIRMATIVO	AUSENTE	AFIRMATIVO	NEGATIVO	AUSENTE	NEGATIVO	NEGATIVO	NEGATIVO	NEGATIVO	AFIRMATIVO
BENEDIT, BELTRAN	La Libertad Avanza	Entre Ríos	NEGATIVO	NEGATIVO	AFIRMATIVO	AFIRMATIVO	AFIRMATIVO	AFIRMATIVO	AFIRMATIVO	AFIRMATIVO	NEGATIVO	AFIRMATIVO	NEGATIVO	NEGATIVO	NEGATIVO	NEGATIVO	NEGATIVO	NEGATIVO	AFIRMATIVO
BENEGAS LYNCH, BERTIE	La Libertad Avanza	Buenos Aires	NEGATIVO	NEGATIVO	AFIRMATIVO	AFIRMATIVO	AFIRMATIVO	AFIRMATIVO	AFIRMATIVO	AFIRMATIVO	NEGATIVO	AFIRMATIVO	NEGATIVO	NEGATIVO	NEGATIVO	NEGATIVO	NEGATIVO	NEGATIVO	AFIRMATIVO
BERMEJO, ADOLFO	Union Por La Patria	Mendoza	AFIRMATIVO	AFIRMATIVO	NEGATIVO	AFIRMATIVO	NEGATIVO	NEGATIVO	AUSENTE	NEGATIVO	AFIRMATIVO	NEGATIVO	AFIRMATIVO	AFIRMATIVO	AFIRMATIVO	AFIRMATIVO	AFIRMATIVO	AFIRMATIVO	NEGATIVO
BERTOLDI, TANYA	Union Por La Patria	Neuquén	AUSENTE	AUSENTE	AUSENTE	AUSENTE	AUSENTE	AUSENTE	AUSENTE	AUSENTE	AUSENTE	AUSENTE	AUSENTE	AUSENTE	AUSENTE	AUSENTE	AUSENTE	AUSENTE	AUSENTE
BESANA, GABRIELA	Pro	Buenos Aires	NEGATIVO	NEGATIVO	AFIRMATIVO	AFIRMATIVO	AFIRMATIVO	AFIRMATIVO	AFIRMATIVO	AFIRMATIVO	NEGATIVO	AFIRMATIVO	NEGATIVO	NEGATIVO	NEGATIVO	NEGATIVO	NEGATIVO	NEGATIVO	AFIRMATIVO
BIANCHETTI, EMMANUEL	Pro	Misiones	NEGATIVO	NEGATIVO	AFIRMATIVO	AFIRMATIVO	AFIRMATIVO	AFIRMATIVO	AFIRMATIVO	AFIRMATIVO	NEGATIVO	AFIRMATIVO	NEGATIVO	NEGATIVO	NEGATIVO	NEGATIVO	NEGATIVO	NEGATIVO	AFIRMATIVO
BIASI, VANINA	Partido Obrero -frente De Izquierda Y De Trabajadores -unidad	C.A.B.A.	AFIRMATIVO	AFIRMATIVO	NEGATIVO	NEGATIVO	NEGATIVO	NEGATIVO	NEGATIVO	NEGATIVO	AUSENTE	AUSENTE	AFIRMATIVO	AFIRMATIVO	AFIRMATIVO	AFIRMATIVO	AFIRMATIVO	AFIRMATIVO	NEGATIVO
BONACCI, ROCIO	La Libertad Avanza	Santa Fe	NEGATIVO	NEGATIVO	AFIRMATIVO	AFIRMATIVO	AFIRMATIVO	AFIRMATIVO	AFIRMATIVO	AFIRMATIVO	NEGATIVO	AFIRMATIVO	NEGATIVO	NEGATIVO	NEGATIVO	NEGATIVO	NEGATIVO	NEGATIVO	AFIRMATIVO
BONGIOVANNI, ALEJANDRO	Pro	Santa Fe	NEGATIVO	NEGATIVO	AFIRMATIVO	AFIRMATIVO	AFIRMATIVO	AFIRMATIVO	AFIRMATIVO	AFIRMATIVO	NEGATIVO	AFIRMATIVO	NEGATIVO	NEGATIVO	NEGATIVO	NEGATIVO	NEGATIVO	NEGATIVO	AFIRMATIVO
BORDET, GUSTAVO	Union Por La Patria	Entre Ríos	AFIRMATIVO	AFIRMATIVO	NEGATIVO	NEGATIVO	NEGATIVO	NEGATIVO	NEGATIVO	NEGATIVO	AUSENTE	AUSENTE	AUSENTE	AUSENTE	AUSENTE	AUSENTE	AUSENTE	AUSENTE	NEGATIVO
BORNORONI, GABRIEL	La Libertad Avanza	Córdoba	NEGATIVO	NEGATIVO	AFIRMATIVO	AFIRMATIVO	AFIRMATIVO	AFIRMATIVO	AFIRMATIVO	AFIRMATIVO	NEGATIVO	AFIRMATIVO	NEGATIVO	NEGATIVO	NEGATIVO	NEGATIVO	NEGATIVO	NEGATIVO	AFIRMATIVO
BORREGO, VICTORIA	Coalicion Civica	Buenos Aires	AFIRMATIVO	NEGATIVO	NEGATIVO	AFIRMATIVO	AUSENTE	AUSENTE	AFIRMATIVO	AFIRMATIVO	AFIRMATIVO	AFIRMATIVO	NEGATIVO	ABSTENCION	AUSENTE	AUSENTE	AUSENTE	AUSENTE	AFIRMATIVO
BRAMBILLA, SOFIA	Pro	Corrientes	NEGATIVO	NEGATIVO	AFIRMATIVO	AFIRMATIVO	AFIRMATIVO	AFIRMATIVO	AFIRMATIVO	AFIRMATIVO	NEGATIVO	AFIRMATIVO	NEGATIVO	NEGATIVO	NEGATIVO	NEGATIVO	NEGATIVO	NEGATIVO	AFIRMATIVO
BROUWER DE KONING, GABRIELA	Ucr - Union Civica Radical	Córdoba	AFIRMATIVO	ABSTENCION	AFIRMATIVO	AFIRMATIVO	AFIRMATIVO	AFIRMATIVO	AFIRMATIVO	AFIRMATIVO	NEGATIVO	AFIRMATIVO	NEGATIVO	NEGATIVO	NEGATIVO	NEGATIVO	NEGATIVO	NEGATIVO	AFIRMATIVO
BRUGGE, JUAN FERNANDO	Encuentro Federal	Córdoba	AFIRMATIVO	AFIRMATIVO	NEGATIVO	AFIRMATIVO	AFIRMATIVO	AFIRMATIVO	AFIRMATIVO	AFIRMATIVO	AFIRMATIVO	AFIRMATIVO	AUSENTE	AUSENTE	AUSENTE	AUSENTE	AFIRMATIVO	AUSENTE	AFIRMATIVO
CAFIERO, SANTIAGO	Union Por La Patria	Buenos Aires	AFIRMATIVO	AFIRMATIVO	NEGATIVO	NEGATIVO	NEGATIVO	NEGATIVO	ABSTENCION	NEGATIVO	AFIRMATIVO	NEGATIVO	AFIRMATIVO	AFIRMATIVO	AFIRMATIVO	AFIRMATIVO	AFIRMATIVO	AFIRMATIVO	NEGATIVO
CALLETTI, PAMELA	Innovacion Federal	Salta	AUSENTE	AUSENTE	AFIRMATIVO	AFIRMATIVO	AFIRMATIVO	AFIRMATIVO	AFIRMATIVO	AFIRMATIVO	AUSENTE	AUSENTE	AUSENTE	AUSENTE	AUSENTE	AUSENTE	AFIRMATIVO	NEGATIVO	AFIRMATIVO
CAMPAGNOLI, MARCELA	Coalicion Civica	Buenos Aires	NEGATIVO	NEGATIVO	AFIRMATIVO	AFIRMATIVO	AFIRMATIVO	AFIRMATIVO	AFIRMATIVO	AFIRMATIVO	AFIRMATIVO	AFIRMATIVO	NEGATIVO	ABSTENCION	AUSENTE	AUSENTE	AUSENTE	AUSENTE	AFIRMATIVO
CAMPERO, MARIANO	Ucr - Union Civica Radical	Tucumán	NEGATIVO	NEGATIVO	AFIRMATIVO	AFIRMATIVO	AFIRMATIVO	AFIRMATIVO	AFIRMATIVO	AFIRMATIVO	NEGATIVO	AFIRMATIVO	NEGATIVO	NEGATIVO	NEGATIVO	NEGATIVO	NEGATIVO	AUSENTE	AFIRMATIVO
CAMPITELLI, CELIA	Union Por La Patria	Santiago del Estero	AFIRMATIVO	AFIRMATIVO	NEGATIVO	AFIRMATIVO	NEGATIVO	NEGATIVO	NEGATIVO	NEGATIVO	AFIRMATIVO	NEGATIVO	AFIRMATIVO	AFIRMATIVO	AFIRMATIVO	AFIRMATIVO	AFIRMATIVO	AFIRMATIVO	NEGATIVO
CAPOZZI, SERGIO EDUARDO	Pro	Rio Negro	NEGATIVO	NEGATIVO	AFIRMATIVO	AFIRMATIVO	AFIRMATIVO	AFIRMATIVO	AFIRMATIVO	AFIRMATIVO	ABSTENCION	AFIRMATIVO	AFIRMATIVO	NEGATIVO	NEGATIVO	NEGATIVO	NEGATIVO	NEGATIVO	AFIRMATIVO
CARBAJAL, FERNANDO	Democracia Para Siempre	Formosa	AFIRMATIVO	AFIRMATIVO	AFIRMATIVO	ABSTENCION	AFIRMATIVO	NEGATIVO	AFIRMATIVO	NEGATIVO	AFIRMATIVO	AFIRMATIVO	NEGATIVO	AUSENTE	NEGATIVO	AUSENTE	AUSENTE	AUSENTE	AFIRMATIVO
CARIGNANO, FLORENCIA	Union Por La Patria	Santa Fe	AFIRMATIVO	AUSENTE	NEGATIVO	NEGATIVO	NEGATIVO	NEGATIVO	NEGATIVO	NEGATIVO	AFIRMATIVO	NEGATIVO	AFIRMATIVO	AFIRMATIVO	AFIRMATIVO	AFIRMATIVO	AFIRMATIVO	AFIRMATIVO	NEGATIVO
CARRIZO, ANA CARLA	Democracia Para Siempre	C.A.B.A.	AFIRMATIVO	AFIRMATIVO	AFIRMATIVO	ABSTENCION	AFIRMATIVO	ABSTENCION	AFIRMATIVO	NEGATIVO	AFIRMATIVO	AUSENTE	AUSENTE	AUSENTE	AUSENTE	AUSENTE	NEGATIVO	AUSENTE	AFIRMATIVO
CARRIZO, SOLEDAD	Ucr - Union Civica Radical	Córdoba	ABSTENCION	NEGATIVO	AFIRMATIVO	AFIRMATIVO	AFIRMATIVO	AFIRMATIVO	AFIRMATIVO	AUSENTE	AUSENTE	AUSENTE	AUSENTE	AUSENTE	AUSENTE	AUSENTE	AUSENTE	AUSENTE	AUSENTE
CARRO, PABLO	Union Por La Patria	Córdoba	AFIRMATIVO	AFIRMATIVO	NEGATIVO	NEGATIVO	NEGATIVO	NEGATIVO	NEGATIVO	NEGATIVO	AFIRMATIVO	NEGATIVO	AFIRMATIVO	AFIRMATIVO	AFIRMATIVO	AUSENTE	AFIRMATIVO	AFIRMATIVO	NEGATIVO
CASAS, SERGIO GUILLERMO	Union Por La Patria	La Rioja	AFIRMATIVO	AFIRMATIVO	NEGATIVO	ABSTENCION	NEGATIVO	NEGATIVO	NEGATIVO	NEGATIVO	AFIRMATIVO	AUSENTE	AFIRMATIVO	AFIRMATIVO	AFIRMATIVO	AFIRMATIVO	AFIRMATIVO	AFIRMATIVO	NEGATIVO
CASTAGNETO, CARLOS DANIEL	Union Por La Patria	Buenos Aires	AFIRMATIVO	AFIRMATIVO	NEGATIVO	NEGATIVO	NEGATIVO	NEGATIVO	NEGATIVO	AUSENTE	AFIRMATIVO	NEGATIVO	AFIRMATIVO	AFIRMATIVO	AFIRMATIVO	AFIRMATIVO	AFIRMATIVO	AFIRMATIVO	NEGATIVO
CASTILLO, CHRISTIAN	Pts-frente De Izquierda Unidad	Buenos Aires	AFIRMATIVO	AFIRMATIVO	NEGATIVO	NEGATIVO	NEGATIVO	NEGATIVO	NEGATIVO	NEGATIVO	ABSTENCION	AUSENTE	AFIRMATIVO	AFIRMATIVO	AFIRMATIVO	AFIRMATIVO	AFIRMATIVO	AFIRMATIVO	NEGATIVO
CERVI, PABLO	Ucr - Union Civica Radical	Neuquén	NEGATIVO	NEGATIVO	AFIRMATIVO	AFIRMATIVO	AFIRMATIVO	AFIRMATIVO	AFIRMATIVO	AFIRMATIVO	NEGATIVO	AFIRMATIVO	NEGATIVO	NEGATIVO	NEGATIVO	NEGATIVO	NEGATIVO	NEGATIVO	AFIRMATIVO
CHAHER, LEILA	Union Por La Patria	Jujuy	AFIRMATIVO	AFIRMATIVO	NEGATIVO	NEGATIVO	NEGATIVO	NEGATIVO	NEGATIVO	NEGATIVO	AFIRMATIVO	NEGATIVO	AFIRMATIVO	AFIRMATIVO	AFIRMATIVO	AFIRMATIVO	AFIRMATIVO	AFIRMATIVO	NEGATIVO
CHICA, JORGE	Union Por La Patria	San Juan	AFIRMATIVO	AFIRMATIVO	NEGATIVO	ABSTENCION	NEGATIVO	NEGATIVO	NEGATIVO	NEGATIVO	AFIRMATIVO	NEGATIVO	AFIRMATIVO	AFIRMATIVO	AFIRMATIVO	AFIRMATIVO	AFIRMATIVO	AFIRMATIVO	NEGATIVO
CHOMIAK, MARIA LUISA	Union Por La Patria	Chaco	AFIRMATIVO	AFIRMATIVO	NEGATIVO	ABSTENCION	NEGATIVO	NEGATIVO	NEGATIVO	NEGATIVO	AFIRMATIVO	NEGATIVO	AFIRMATIVO	AFIRMATIVO	AFIRMATIVO	AFIRMATIVO	AFIRMATIVO	AFIRMATIVO	NEGATIVO
CHUMPITAZ, GABRIEL FELIPE	Pro	Santa Fe	NEGATIVO	NEGATIVO	AFIRMATIVO	AFIRMATIVO	AFIRMATIVO	AFIRMATIVO	AFIRMATIVO	AFIRMATIVO	AUSENTE	AFIRMATIVO	NEGATIVO	NEGATIVO	NEGATIVO	NEGATIVO	NEGATIVO	NEGATIVO	AFIRMATIVO
CIPOLINI, GERARDO	Ucr - Union Civica Radical	Chaco	AUSENTE	AUSENTE	AFIRMATIVO	AFIRMATIVO	AFIRMATIVO	AFIRMATIVO	AUSENTE	AFIRMATIVO	AFIRMATIVO	AFIRMATIVO	NEGATIVO	NEGATIVO	NEGATIVO	AUSENTE	NEGATIVO	NEGATIVO	AFIRMATIVO
CISNEROS, CARLOS	Union Por La Patria	Tucumán	AUSENTE	AUSENTE	AUSENTE	AUSENTE	AUSENTE	AUSENTE	AUSENTE	AUSENTE	AFIRMATIVO	AFIRMATIVO	AFIRMATIVO	AFIRMATIVO	AFIRMATIVO	AFIRMATIVO	AUSENTE	AUSENTE	AUSENTE
COBOS, JULIO	Ucr - Union Civica Radical	Mendoza	ABSTENCION	NEGATIVO	NEGATIVO	ABSTENCION	AFIRMATIVO	AFIRMATIVO	AFIRMATIVO	AFIRMATIVO	AFIRMATIVO	AFIRMATIVO	NEGATIVO	NEGATIVO	NEGATIVO	NEGATIVO	NEGATIVO	NEGATIVO	AFIRMATIVO
COLETTA, MARIELA	Democracia Para Siempre	C.A.B.A.	AUSENTE	AUSENTE	AUSENTE	AUSENTE	AUSENTE	AUSENTE	AUSENTE	NEGATIVO	AUSENTE	AUSENTE	AUSENTE	AUSENTE	AUSENTE	AUSENTE	AUSENTE	AUSENTE	AFIRMATIVO
COLI, MARCELA	Democracia Para Siempre	La Pampa	AFIRMATIVO	AFIRMATIVO	AFIRMATIVO	AFIRMATIVO	AFIRMATIVO	AFIRMATIVO	AFIRMATIVO	NEGATIVO	AFIRMATIVO	AFIRMATIVO	NEGATIVO	AUSENTE	AUSENTE	AUSENTE	NEGATIVO	AUSENTE	AFIRMATIVO
CORREA LLANO, FACUNDO	La Libertad Avanza	Mendoza	NEGATIVO	NEGATIVO	AFIRMATIVO	AFIRMATIVO	AFIRMATIVO	AFIRMATIVO	AFIRMATIVO	AFIRMATIVO	NEGATIVO	AFIRMATIVO	NEGATIVO	NEGATIVO	NEGATIVO	NEGATIVO	NEGATIVO	NEGATIVO	AFIRMATIVO
D'ALESSANDRO, CARLOS	La Libertad Avanza	San Luis	NEGATIVO	NEGATIVO	AFIRMATIVO	AFIRMATIVO	AFIRMATIVO	AFIRMATIVO	AFIRMATIVO	AFIRMATIVO	NEGATIVO	AFIRMATIVO	NEGATIVO	NEGATIVO	NEGATIVO	NEGATIVO	NEGATIVO	NEGATIVO	AFIRMATIVO
DAIVES, RICARDO	Union Por La Patria	Santiago del Estero	AFIRMATIVO	AFIRMATIVO	NEGATIVO	AFIRMATIVO	AUSENTE	AUSENTE	AUSENTE	NEGATIVO	AFIRMATIVO	NEGATIVO	ABSTENCION	AFIRMATIVO	AFIRMATIVO	AFIRMATIVO	AUSENTE	AUSENTE	NEGATIVO
DE LA SOTA, NATALIA	Encuentro Federal	Córdoba	AFIRMATIVO	AFIRMATIVO	AFIRMATIVO	AFIRMATIVO	AUSENTE	AUSENTE	AUSENTE	AUSENTE	AUSENTE	AUSENTE	AUSENTE	AUSENTE	AUSENTE	AUSENTE	AUSENTE	AUSENTE	AUSENTE
DE LOREDO, RODRIGO	Ucr - Union Civica Radical	Córdoba	ABSTENCION	ABSTENCION	AFIRMATIVO	AFIRMATIVO	AFIRMATIVO	AFIRMATIVO	AFIRMATIVO	AFIRMATIVO	NEGATIVO	AFIRMATIVO	NEGATIVO	NEGATIVO	NEGATIVO	NEGATIVO	NEGATIVO	NEGATIVO	AFIRMATIVO
DE SENSI, MARIA FLORENCIA	Pro	Buenos Aires	NEGATIVO	NEGATIVO	AFIRMATIVO	AFIRMATIVO	AFIRMATIVO	AFIRMATIVO	AFIRMATIVO	AFIRMATIVO	NEGATIVO	AFIRMATIVO	NEGATIVO	NEGATIVO	NEGATIVO	NEGATIVO	NEGATIVO	NEGATIVO	AFIRMATIVO
DEL CAÑO, NICOLAS	Pts-frente De Izquierda Unidad	Buenos Aires	AFIRMATIVO	AFIRMATIVO	NEGATIVO	NEGATIVO	NEGATIVO	NEGATIVO	NEGATIVO	NEGATIVO	ABSTENCION	AUSENTE	AFIRMATIVO	AFIRMATIVO	AFIRMATIVO	AFIRMATIVO	AFIRMATIVO	AFIRMATIVO	NEGATIVO
DIEZ, ROMINA	La Libertad Avanza	Santa Fe	NEGATIVO	NEGATIVO	AFIRMATIVO	AFIRMATIVO	AFIRMATIVO	AFIRMATIVO	AFIRMATIVO	AFIRMATIVO	NEGATIVO	AFIRMATIVO	NEGATIVO	NEGATIVO	NEGATIVO	NEGATIVO	NEGATIVO	NEGATIVO	AFIRMATIVO
DOMINGO, AGUSTIN	Innovacion Federal	Rio Negro	ABSTENCION	AUSENTE	AFIRMATIVO	AFIRMATIVO	AFIRMATIVO	AFIRMATIVO	AFIRMATIVO	AFIRMATIVO	AUSENTE	AFIRMATIVO	NEGATIVO	NEGATIVO	NEGATIVO	AUSENTE	AUSENTE	NEGATIVO	AFIRMATIVO
EMMA, NICOLAS	La Libertad Avanza	C.A.B.A.	NEGATIVO	NEGATIVO	AFIRMATIVO	AFIRMATIVO	AFIRMATIVO	AFIRMATIVO	AFIRMATIVO	AFIRMATIVO	NEGATIVO	AFIRMATIVO	NEGATIVO	NEGATIVO	NEGATIVO	NEGATIVO	NEGATIVO	NEGATIVO	AFIRMATIVO
ESPERT, JOSE LUIS	La Libertad Avanza	Buenos Aires	NEGATIVO	NEGATIVO	AFIRMATIVO	AFIRMATIVO	AFIRMATIVO	AFIRMATIVO	AFIRMATIVO	AFIRMATIVO	NEGATIVO	AFIRMATIVO	NEGATIVO	NEGATIVO	NEGATIVO	NEGATIVO	NEGATIVO	NEGATIVO	AFIRMATIVO
ESTEVEZ, GABRIELA BEATRIZ	Union Por La Patria	Córdoba	AFIRMATIVO	AFIRMATIVO	NEGATIVO	NEGATIVO	NEGATIVO	NEGATIVO	NEGATIVO	NEGATIVO	AFIRMATIVO	NEGATIVO	AFIRMATIVO	AFIRMATIVO	AFIRMATIVO	AFIRMATIVO	AFIRMATIVO	AFIRMATIVO	NEGATIVO
ESTRADA, EMILIANO	Union Por La Patria	Salta	AFIRMATIVO	AFIRMATIVO	NEGATIVO	NEGATIVO	NEGATIVO	NEGATIVO	AUSENTE	NEGATIVO	AFIRMATIVO	NEGATIVO	AFIRMATIVO	AFIRMATIVO	AFIRMATIVO	AFIRMATIVO	AUSENTE	AUSENTE	NEGATIVO
FALCONE, EDUARDO	Mid - Movimiento De Integracion Y Desarrollo	Buenos Aires	NEGATIVO	NEGATIVO	AFIRMATIVO	AFIRMATIVO	AFIRMATIVO	AFIRMATIVO	AFIRMATIVO	AFIRMATIVO	NEGATIVO	AFIRMATIVO	NEGATIVO	NEGATIVO	NEGATIVO	NEGATIVO	NEGATIVO	NEGATIVO	AFIRMATIVO
FEIN, MONICA	Encuentro Federal	Santa Fe	AUSENTE	AUSENTE	AUSENTE	AUSENTE	AUSENTE	AUSENTE	AUSENTE	AFIRMATIVO	AFIRMATIVO	AFIRMATIVO	AUSENTE	AUSENTE	AUSENTE	AUSENTE	AUSENTE	AUSENTE	AFIRMATIVO
FERNANDEZ MOLERO, DAIANA	Pro	C.A.B.A.	NEGATIVO	NEGATIVO	AFIRMATIVO	AFIRMATIVO	AFIRMATIVO	AFIRMATIVO	AFIRMATIVO	AFIRMATIVO	NEGATIVO	AFIRMATIVO	NEGATIVO	NEGATIVO	NEGATIVO	NEGATIVO	NEGATIVO	NEGATIVO	AFIRMATIVO
FERNANDEZ PATRI, RAMIRO	Union Por La Patria	Formosa	AFIRMATIVO	AFIRMATIVO	NEGATIVO	ABSTENCION	NEGATIVO	NEGATIVO	NEGATIVO	NEGATIVO	AFIRMATIVO	NEGATIVO	AFIRMATIVO	AFIRMATIVO	AFIRMATIVO	AUSENTE	AFIRMATIVO	AFIRMATIVO	NEGATIVO
FERNANDEZ, AGUSTIN	Independencia	Tucumán	NEGATIVO	NEGATIVO	AFIRMATIVO	AFIRMATIVO	AFIRMATIVO	AFIRMATIVO	AFIRMATIVO	AFIRMATIVO	NEGATIVO	AFIRMATIVO	NEGATIVO	AUSENTE	AUSENTE	AUSENTE	AUSENTE	AUSENTE	AFIRMATIVO
FERNANDEZ, CARLOS ALBERTO	Innovacion Federal	Misiones	AUSENTE	AUSENTE	AFIRMATIVO	AFIRMATIVO	AFIRMATIVO	AFIRMATIVO	AFIRMATIVO	AFIRMATIVO	ABSTENCION	AFIRMATIVO	NEGATIVO	AUSENTE	AUSENTE	AUSENTE	ABSTENCION	NEGATIVO	AFIRMATIVO
FERNANDEZ, ELIA MARINA	Independencia	Tucumán	NEGATIVO	NEGATIVO	AFIRMATIVO	AFIRMATIVO	AFIRMATIVO	AFIRMATIVO	AFIRMATIVO	AFIRMATIVO	NEGATIVO	AFIRMATIVO	NEGATIVO	AUSENTE	AUSENTE	AUSENTE	AUSENTE	AUSENTE	AFIRMATIVO
FERRARO, MAXIMILIANO	Coalicion Civica	C.A.B.A.	AFIRMATIVO	ABSTENCION	AFIRMATIVO	AFIRMATIVO	AFIRMATIVO	AFIRMATIVO	AFIRMATIVO	AFIRMATIVO	AFIRMATIVO	AFIRMATIVO	ABSTENCION	ABSTENCION	ABSTENCION	AUSENTE	NEGATIVO	NEGATIVO	AFIRMATIVO
FERREYRA, ALIDA	La Libertad Avanza	C.A.B.A.	AUSENTE	AUSENTE	AFIRMATIVO	AFIRMATIVO	AFIRMATIVO	AFIRMATIVO	AUSENTE	AFIRMATIVO	NEGATIVO	AFIRMATIVO	NEGATIVO	NEGATIVO	NEGATIVO	NEGATIVO	NEGATIVO	NEGATIVO	AFIRMATIVO
FIGUEROA CASAS, GERMANA	Pro	Santa Fe	AUSENTE	AUSENTE	AFIRMATIVO	AFIRMATIVO	AFIRMATIVO	AFIRMATIVO	AFIRMATIVO	AFIRMATIVO	NEGATIVO	AFIRMATIVO	NEGATIVO	NEGATIVO	NEGATIVO	NEGATIVO	NEGATIVO	NEGATIVO	AFIRMATIVO
FINOCCHIARO, ALEJANDRO	Pro	Buenos Aires	NEGATIVO	NEGATIVO	AFIRMATIVO	AFIRMATIVO	AFIRMATIVO	AFIRMATIVO	AFIRMATIVO	AFIRMATIVO	NEGATIVO	AFIRMATIVO	NEGATIVO	NEGATIVO	NEGATIVO	NEGATIVO	NEGATIVO	NEGATIVO	AFIRMATIVO
FRADE, MONICA	Coalicion Civica	Buenos Aires	AFIRMATIVO	AFIRMATIVO	NEGATIVO	AFIRMATIVO	AUSENTE	AUSENTE	AFIRMATIVO	AFIRMATIVO	AFIRMATIVO	AFIRMATIVO	ABSTENCION	ABSTENCION	AFIRMATIVO	AFIRMATIVO	NEGATIVO	NEGATIVO	AFIRMATIVO
FREITES, ANDREA	Union Por La Patria	Tierra del Fuego	AFIRMATIVO	AFIRMATIVO	NEGATIVO	NEGATIVO	NEGATIVO	NEGATIVO	NEGATIVO	NEGATIVO	AFIRMATIVO	NEGATIVO	AFIRMATIVO	AFIRMATIVO	AFIRMATIVO	AUSENTE	AFIRMATIVO	AFIRMATIVO	NEGATIVO
GAILLARD, ANA CAROLINA	Union Por La Patria	Entre Ríos	AFIRMATIVO	AUSENTE	NEGATIVO	NEGATIVO	NEGATIVO	NEGATIVO	NEGATIVO	NEGATIVO	AUSENTE	AUSENTE	AUSENTE	AFIRMATIVO	AFIRMATIVO	AFIRMATIVO	AFIRMATIVO	AFIRMATIVO	NEGATIVO
GARCIA ARESCA, IGNACIO	Encuentro Federal	Córdoba	AUSENTE	NEGATIVO	AFIRMATIVO	AFIRMATIVO	AFIRMATIVO	AFIRMATIVO	AFIRMATIVO	NEGATIVO	AFIRMATIVO	AUSENTE	AUSENTE	AUSENTE	AUSENTE	AUSENTE	ABSTENCION	NEGATIVO	AFIRMATIVO
GARCIA, CARLOS	La Libertad Avanza	Chaco	NEGATIVO	NEGATIVO	AFIRMATIVO	AFIRMATIVO	AFIRMATIVO	AFIRMATIVO	AFIRMATIVO	AFIRMATIVO	NEGATIVO	AFIRMATIVO	NEGATIVO	NEGATIVO	AUSENTE	NEGATIVO	NEGATIVO	NEGATIVO	AFIRMATIVO
GARRAMUÑO, RICARDO	Bloque Sin Definir	Tierra del Fuego	NEGATIVO	NEGATIVO	AFIRMATIVO	AFIRMATIVO	AFIRMATIVO	AFIRMATIVO	AFIRMATIVO	AFIRMATIVO	NEGATIVO	AFIRMATIVO	NEGATIVO	NEGATIVO	NEGATIVO	NEGATIVO	NEGATIVO	NEGATIVO	AFIRMATIVO
GARRIDO, JOSE LUIS	Por Santa Cruz	Santa Cruz	AFIRMATIVO	NEGATIVO	AFIRMATIVO	AFIRMATIVO	AFIRMATIVO	NEGATIVO	ABSTENCION	AFIRMATIVO	AFIRMATIVO	NEGATIVO	AUSENTE	ABSTENCION	AFIRMATIVO	AUSENTE	AFIRMATIVO	AFIRMATIVO	AUSENTE
GINOCCHIO, SILVANA MICAELA	Union Por La Patria	Catamarca	AFIRMATIVO	AFIRMATIVO	NEGATIVO	AFIRMATIVO	NEGATIVO	NEGATIVO	ABSTENCION	NEGATIVO	AFIRMATIVO	AFIRMATIVO	AFIRMATIVO	AFIRMATIVO	AFIRMATIVO	AFIRMATIVO	AFIRMATIVO	AFIRMATIVO	NEGATIVO
GIORGI, MELINA	Democracia Para Siempre	Santa Fe	AFIRMATIVO	NEGATIVO	AFIRMATIVO	AFIRMATIVO	AFIRMATIVO	AFIRMATIVO	AFIRMATIVO	NEGATIVO	AFIRMATIVO	AFIRMATIVO	NEGATIVO	AUSENTE	AUSENTE	AUSENTE	NEGATIVO	NEGATIVO	AFIRMATIVO
GIUDICI, SILVANA	Pro	C.A.B.A.	NEGATIVO	NEGATIVO	AFIRMATIVO	AFIRMATIVO	AFIRMATIVO	AFIRMATIVO	AFIRMATIVO	AFIRMATIVO	NEGATIVO	AFIRMATIVO	NEGATIVO	NEGATIVO	NEGATIVO	NEGATIVO	NEGATIVO	NEGATIVO	AFIRMATIVO
GIULIANO, DIEGO A.	Union Por La Patria	Santa Fe	AFIRMATIVO	AFIRMATIVO	NEGATIVO	AFIRMATIVO	NEGATIVO	NEGATIVO	AFIRMATIVO	NEGATIVO	AFIRMATIVO	NEGATIVO	AFIRMATIVO	AFIRMATIVO	AFIRMATIVO	AUSENTE	AFIRMATIVO	AFIRMATIVO	NEGATIVO
GLINSKI, JOSE	Union Por La Patria	Chubut	AFIRMATIVO	AFIRMATIVO	NEGATIVO	NEGATIVO	NEGATIVO	NEGATIVO	ABSTENCION	NEGATIVO	AFIRMATIVO	NEGATIVO	AFIRMATIVO	AFIRMATIVO	AFIRMATIVO	AFIRMATIVO	AFIRMATIVO	AFIRMATIVO	NEGATIVO
GOLLAN, DANIEL	Union Por La Patria	Buenos Aires	AUSENTE	AUSENTE	AUSENTE	AUSENTE	AUSENTE	AUSENTE	AUSENTE	AUSENTE	AUSENTE	AUSENTE	AUSENTE	AUSENTE	AUSENTE	AUSENTE	AUSENTE	AUSENTE	AUSENTE
GOMEZ, JOSE	Union Por La Patria	Santiago del Estero	AFIRMATIVO	AFIRMATIVO	NEGATIVO	AFIRMATIVO	NEGATIVO	NEGATIVO	AUSENTE	AUSENTE	AUSENTE	AUSENTE	AUSENTE	AUSENTE	AUSENTE	AUSENTE	AUSENTE	AUSENTE	AUSENTE
GONZALEZ, ALVARO	Pro	C.A.B.A.	NEGATIVO	NEGATIVO	AFIRMATIVO	AFIRMATIVO	AFIRMATIVO	AFIRMATIVO	AUSENTE	AFIRMATIVO	NEGATIVO	AFIRMATIVO	NEGATIVO	NEGATIVO	NEGATIVO	NEGATIVO	NEGATIVO	NEGATIVO	AFIRMATIVO
GONZALEZ, GERARDO GUSTAVO	La Libertad Avanza	Formosa	NEGATIVO	NEGATIVO	AFIRMATIVO	AFIRMATIVO	AFIRMATIVO	AFIRMATIVO	AFIRMATIVO	AFIRMATIVO	NEGATIVO	AFIRMATIVO	NEGATIVO	NEGATIVO	NEGATIVO	NEGATIVO	NEGATIVO	NEGATIVO	AFIRMATIVO
GONZALEZ, GUSTAVO CARLOS MIGUEL	Union Por La Patria	Santa Cruz	AFIRMATIVO	AFIRMATIVO	NEGATIVO	ABSTENCION	NEGATIVO	NEGATIVO	NEGATIVO	NEGATIVO	AFIRMATIVO	NEGATIVO	AFIRMATIVO	AFIRMATIVO	AFIRMATIVO	AUSENTE	AFIRMATIVO	AFIRMATIVO	NEGATIVO
GUTIERREZ, CARLOS	Encuentro Federal	Córdoba	AFIRMATIVO	NEGATIVO	AFIRMATIVO	AFIRMATIVO	AFIRMATIVO	AFIRMATIVO	AFIRMATIVO	AUSENTE	AUSENTE	AUSENTE	AUSENTE	AUSENTE	AUSENTE	AUSENTE	AUSENTE	AUSENTE	AUSENTE
GUTIERREZ, RAMIRO	Union Por La Patria	Buenos Aires	AFIRMATIVO	AFIRMATIVO	NEGATIVO	AFIRMATIVO	NEGATIVO	NEGATIVO	AFIRMATIVO	NEGATIVO	AFIRMATIVO	NEGATIVO	AFIRMATIVO	AUSENTE	AFIRMATIVO	AUSENTE	AFIRMATIVO	AFIRMATIVO	NEGATIVO
HAGMAN, ITAI	Union Por La Patria	C.A.B.A.	AFIRMATIVO	AFIRMATIVO	NEGATIVO	NEGATIVO	NEGATIVO	NEGATIVO	NEGATIVO	NEGATIVO	AFIRMATIVO	NEGATIVO	AFIRMATIVO	AFIRMATIVO	AFIRMATIVO	AFIRMATIVO	AFIRMATIVO	AFIRMATIVO	NEGATIVO
HELLER, CARLOS	Union Por La Patria	C.A.B.A.	AFIRMATIVO	AFIRMATIVO	NEGATIVO	NEGATIVO	NEGATIVO	NEGATIVO	NEGATIVO	NEGATIVO	AFIRMATIVO	NEGATIVO	AFIRMATIVO	AFIRMATIVO	AFIRMATIVO	AFIRMATIVO	AFIRMATIVO	AFIRMATIVO	NEGATIVO
HERRERA, BERNARDO JOSE	Union Por La Patria	Santiago del Estero	AFIRMATIVO	AFIRMATIVO	NEGATIVO	AFIRMATIVO	NEGATIVO	NEGATIVO	NEGATIVO	NEGATIVO	AFIRMATIVO	NEGATIVO	AFIRMATIVO	AFIRMATIVO	AFIRMATIVO	AFIRMATIVO	AFIRMATIVO	AFIRMATIVO	NEGATIVO
HERRERA, RICARDO	Union Por La Patria	La Rioja	AFIRMATIVO	AFIRMATIVO	NEGATIVO	ABSTENCION	NEGATIVO	NEGATIVO	NEGATIVO	NEGATIVO	AFIRMATIVO	NEGATIVO	AFIRMATIVO	AFIRMATIVO	AFIRMATIVO	AFIRMATIVO	AFIRMATIVO	AFIRMATIVO	NEGATIVO
HUESEN, GERARDO	La Libertad Avanza	Tucumán	NEGATIVO	NEGATIVO	AFIRMATIVO	AFIRMATIVO	AFIRMATIVO	AFIRMATIVO	AFIRMATIVO	AFIRMATIVO	NEGATIVO	AFIRMATIVO	NEGATIVO	NEGATIVO	NEGATIVO	NEGATIVO	NEGATIVO	NEGATIVO	AFIRMATIVO
IANNI, ANA MARIA	Union Por La Patria	Santa Cruz	AFIRMATIVO	AFIRMATIVO	NEGATIVO	ABSTENCION	NEGATIVO	NEGATIVO	NEGATIVO	NEGATIVO	AFIRMATIVO	NEGATIVO	AFIRMATIVO	AFIRMATIVO	AFIRMATIVO	AFIRMATIVO	AFIRMATIVO	AFIRMATIVO	NEGATIVO
IBAÑEZ, MARIA CECILIA	Mid - Movimiento De Integracion Y Desarrollo	Córdoba	NEGATIVO	AUSENTE	AFIRMATIVO	AFIRMATIVO	AFIRMATIVO	AFIRMATIVO	AFIRMATIVO	AFIRMATIVO	NEGATIVO	AFIRMATIVO	NEGATIVO	NEGATIVO	NEGATIVO	NEGATIVO	NEGATIVO	NEGATIVO	AFIRMATIVO
IGLESIAS, FERNANDO ADOLFO	Pro	C.A.B.A.	NEGATIVO	NEGATIVO	AFIRMATIVO	AFIRMATIVO	AFIRMATIVO	AFIRMATIVO	AFIRMATIVO	AFIRMATIVO	NEGATIVO	AFIRMATIVO	NEGATIVO	NEGATIVO	NEGATIVO	NEGATIVO	NEGATIVO	NEGATIVO	AFIRMATIVO
IPARRAGUIRRE, ROGELIO	Union Por La Patria	Buenos Aires	AFIRMATIVO	AFIRMATIVO	NEGATIVO	NEGATIVO	NEGATIVO	NEGATIVO	NEGATIVO	NEGATIVO	AFIRMATIVO	NEGATIVO	AFIRMATIVO	AFIRMATIVO	AFIRMATIVO	AUSENTE	AFIRMATIVO	AFIRMATIVO	NEGATIVO
JULIANO, PABLO	Democracia Para Siempre	Buenos Aires	AFIRMATIVO	NEGATIVO	AFIRMATIVO	AFIRMATIVO	AFIRMATIVO	AFIRMATIVO	AFIRMATIVO	NEGATIVO	AFIRMATIVO	AFIRMATIVO	AFIRMATIVO	AUSENTE	AUSENTE	AUSENTE	AUSENTE	AUSENTE	AFIRMATIVO
KIRCHNER, MAXIMO CARLOS	Union Por La Patria	Buenos Aires	AUSENTE	AUSENTE	NEGATIVO	NEGATIVO	NEGATIVO	NEGATIVO	NEGATIVO	NEGATIVO	AUSENTE	AUSENTE	AUSENTE	AUSENTE	AUSENTE	AUSENTE	AUSENTE	AUSENTE	NEGATIVO
KLIPAUKA LEWTAK, FLORENCIA	La Libertad Avanza	Misiones	NEGATIVO	NEGATIVO	AFIRMATIVO	AFIRMATIVO	AFIRMATIVO	AFIRMATIVO	AFIRMATIVO	AFIRMATIVO	NEGATIVO	AFIRMATIVO	NEGATIVO	NEGATIVO	NEGATIVO	NEGATIVO	NEGATIVO	NEGATIVO	AFIRMATIVO
LASPINA, LUCIANO ANDRES	Pro	Santa Fe	NEGATIVO	NEGATIVO	AFIRMATIVO	AFIRMATIVO	AUSENTE	AUSENTE	AUSENTE	AFIRMATIVO	NEGATIVO	AFIRMATIVO	NEGATIVO	NEGATIVO	NEGATIVO	NEGATIVO	NEGATIVO	NEGATIVO	AFIRMATIVO
LEDESMA, TOMAS	Union Por La Patria	Entre Ríos	AFIRMATIVO	AFIRMATIVO	NEGATIVO	NEGATIVO	NEGATIVO	NEGATIVO	NEGATIVO	NEGATIVO	AFIRMATIVO	NEGATIVO	AFIRMATIVO	AFIRMATIVO	AFIRMATIVO	AFIRMATIVO	AFIRMATIVO	AFIRMATIVO	NEGATIVO
LEIVA, ALDO	Union Por La Patria	Chaco	AFIRMATIVO	AFIRMATIVO	NEGATIVO	ABSTENCION	NEGATIVO	NEGATIVO	NEGATIVO	AUSENTE	AFIRMATIVO	NEGATIVO	AFIRMATIVO	AFIRMATIVO	AFIRMATIVO	AFIRMATIVO	AFIRMATIVO	AFIRMATIVO	NEGATIVO
LEMOINE, LILIA	La Libertad Avanza	Buenos Aires	NEGATIVO	NEGATIVO	AFIRMATIVO	AFIRMATIVO	AFIRMATIVO	AFIRMATIVO	AFIRMATIVO	AFIRMATIVO	NEGATIVO	AFIRMATIVO	NEGATIVO	NEGATIVO	NEGATIVO	NEGATIVO	NEGATIVO	NEGATIVO	AFIRMATIVO
LITZA, MONICA	Union Por La Patria	Buenos Aires	AFIRMATIVO	AFIRMATIVO	NEGATIVO	AFIRMATIVO	NEGATIVO	NEGATIVO	AFIRMATIVO	NEGATIVO	AFIRMATIVO	NEGATIVO	AFIRMATIVO	AFIRMATIVO	AFIRMATIVO	AFIRMATIVO	AFIRMATIVO	AFIRMATIVO	NEGATIVO
LLANCAFILO, OSVALDO	Movimiento Popular  Neuquino	Neuquén	AUSENTE	AUSENTE	AFIRMATIVO	AFIRMATIVO	AFIRMATIVO	AFIRMATIVO	AFIRMATIVO	AFIRMATIVO	ABSTENCION	AFIRMATIVO	NEGATIVO	NEGATIVO	AFIRMATIVO	AUSENTE	AUSENTE	AUSENTE	AFIRMATIVO
LLANO, MERCEDES	La Libertad Avanza	Mendoza	NEGATIVO	NEGATIVO	AFIRMATIVO	AFIRMATIVO	AFIRMATIVO	AFIRMATIVO	AFIRMATIVO	AFIRMATIVO	NEGATIVO	AFIRMATIVO	NEGATIVO	NEGATIVO	NEGATIVO	NEGATIVO	NEGATIVO	NEGATIVO	AFIRMATIVO
LOMBARDI, HERNAN	Pro	Buenos Aires	NEGATIVO	NEGATIVO	AFIRMATIVO	AFIRMATIVO	AFIRMATIVO	AFIRMATIVO	AFIRMATIVO	AFIRMATIVO	NEGATIVO	AFIRMATIVO	NEGATIVO	NEGATIVO	AUSENTE	NEGATIVO	AUSENTE	AUSENTE	AFIRMATIVO
LOPEZ MURPHY, RICARDO HIPOLITO	Encuentro Federal	C.A.B.A.	NEGATIVO	ABSTENCION	NEGATIVO	NEGATIVO	AFIRMATIVO	AFIRMATIVO	AUSENTE	AFIRMATIVO	AFIRMATIVO	AFIRMATIVO	NEGATIVO	ABSTENCION	AUSENTE	AUSENTE	NEGATIVO	NEGATIVO	AFIRMATIVO
LOPEZ RODRIGUEZ, DANTE	Union Por La Patria	Catamarca	AFIRMATIVO	AFIRMATIVO	NEGATIVO	AFIRMATIVO	NEGATIVO	NEGATIVO	ABSTENCION	NEGATIVO	AFIRMATIVO	AFIRMATIVO	NEGATIVO	AFIRMATIVO	AFIRMATIVO	AFIRMATIVO	AFIRMATIVO	AFIRMATIVO	NEGATIVO
LOPEZ, JUAN MANUEL	Coalicion Civica	Buenos Aires	AUSENTE	AUSENTE	AFIRMATIVO	AFIRMATIVO	AFIRMATIVO	AFIRMATIVO	AFIRMATIVO	AFIRMATIVO	AUSENTE	AFIRMATIVO	AUSENTE	ABSTENCION	AUSENTE	AUSENTE	AUSENTE	AUSENTE	AFIRMATIVO
LOSPENNATO, SILVIA	Pro	Buenos Aires	NEGATIVO	NEGATIVO	AFIRMATIVO	AFIRMATIVO	AFIRMATIVO	AFIRMATIVO	AFIRMATIVO	AFIRMATIVO	AUSENTE	AUSENTE	NEGATIVO	NEGATIVO	NEGATIVO	NEGATIVO	NEGATIVO	NEGATIVO	AFIRMATIVO
MACHA, MONICA	Union Por La Patria	Buenos Aires	AFIRMATIVO	AFIRMATIVO	NEGATIVO	NEGATIVO	NEGATIVO	NEGATIVO	NEGATIVO	NEGATIVO	AFIRMATIVO	NEGATIVO	AFIRMATIVO	AFIRMATIVO	AFIRMATIVO	AFIRMATIVO	AFIRMATIVO	AFIRMATIVO	NEGATIVO
MACYSZYN, LORENA	La Libertad Avanza	Buenos Aires	NEGATIVO	NEGATIVO	AFIRMATIVO	AFIRMATIVO	AFIRMATIVO	AFIRMATIVO	AFIRMATIVO	AFIRMATIVO	NEGATIVO	AFIRMATIVO	NEGATIVO	NEGATIVO	NEGATIVO	NEGATIVO	NEGATIVO	NEGATIVO	AFIRMATIVO
MANES, FACUNDO	Democracia Para Siempre	Buenos Aires	AUSENTE	AUSENTE	AFIRMATIVO	AFIRMATIVO	AFIRMATIVO	AFIRMATIVO	AFIRMATIVO	NEGATIVO	AUSENTE	AUSENTE	AUSENTE	AUSENTE	AUSENTE	AUSENTE	AUSENTE	AUSENTE	AFIRMATIVO
MANRIQUE, MARIO	Union Por La Patria	Buenos Aires	AFIRMATIVO	AFIRMATIVO	NEGATIVO	NEGATIVO	AUSENTE	NEGATIVO	AUSENTE	NEGATIVO	AFIRMATIVO	NEGATIVO	AFIRMATIVO	AFIRMATIVO	AFIRMATIVO	AFIRMATIVO	AFIRMATIVO	AFIRMATIVO	NEGATIVO
MAQUIEYRA, MARTIN	Pro	La Pampa	NEGATIVO	NEGATIVO	AFIRMATIVO	AFIRMATIVO	AFIRMATIVO	AFIRMATIVO	AFIRMATIVO	AFIRMATIVO	NEGATIVO	AFIRMATIVO	NEGATIVO	NEGATIVO	NEGATIVO	NEGATIVO	NEGATIVO	NEGATIVO	AFIRMATIVO
MARIN, VARINIA LIS	Union Por La Patria	La Pampa	AFIRMATIVO	AFIRMATIVO	NEGATIVO	ABSTENCION	NEGATIVO	NEGATIVO	NEGATIVO	NEGATIVO	AFIRMATIVO	AUSENTE	AFIRMATIVO	AFIRMATIVO	AFIRMATIVO	AFIRMATIVO	AFIRMATIVO	AFIRMATIVO	NEGATIVO
MARINO, JUAN	Union Por La Patria	Buenos Aires	AFIRMATIVO	AFIRMATIVO	NEGATIVO	NEGATIVO	NEGATIVO	NEGATIVO	NEGATIVO	NEGATIVO	AFIRMATIVO	NEGATIVO	AFIRMATIVO	AFIRMATIVO	AFIRMATIVO	AFIRMATIVO	AFIRMATIVO	AFIRMATIVO	NEGATIVO
MARQUEZ, NADIA	La Libertad Avanza	Neuquén	NEGATIVO	NEGATIVO	AFIRMATIVO	AFIRMATIVO	AFIRMATIVO	AFIRMATIVO	AFIRMATIVO	AFIRMATIVO	NEGATIVO	AFIRMATIVO	NEGATIVO	NEGATIVO	NEGATIVO	NEGATIVO	NEGATIVO	NEGATIVO	AFIRMATIVO
MARTINEZ, ALVARO	La Libertad Avanza	Mendoza	NEGATIVO	AUSENTE	AFIRMATIVO	AFIRMATIVO	AFIRMATIVO	AFIRMATIVO	AFIRMATIVO	AFIRMATIVO	NEGATIVO	AFIRMATIVO	NEGATIVO	NEGATIVO	NEGATIVO	NEGATIVO	NEGATIVO	NEGATIVO	AFIRMATIVO
MARTINEZ, GERMAN PEDRO	Union Por La Patria	Santa Fe	AFIRMATIVO	AFIRMATIVO	NEGATIVO	ABSTENCION	NEGATIVO	NEGATIVO	NEGATIVO	NEGATIVO	AFIRMATIVO	NEGATIVO	AFIRMATIVO	AFIRMATIVO	AFIRMATIVO	AFIRMATIVO	AFIRMATIVO	AFIRMATIVO	NEGATIVO
MARZIOTTA, GISELA	Union Por La Patria	C.A.B.A.	AUSENTE	AUSENTE	NEGATIVO	ABSTENCION	NEGATIVO	NEGATIVO	NEGATIVO	AUSENTE	AFIRMATIVO	NEGATIVO	AFIRMATIVO	AFIRMATIVO	AFIRMATIVO	AFIRMATIVO	AUSENTE	AUSENTE	NEGATIVO
MASSOT, NICOLAS	Encuentro Federal	Buenos Aires	AFIRMATIVO	ABSTENCION	NEGATIVO	NEGATIVO	AUSENTE	AUSENTE	AUSENTE	AUSENTE	AFIRMATIVO	AFIRMATIVO	NEGATIVO	NEGATIVO	ABSTENCION	NEGATIVO	AUSENTE	AUSENTE	ABSTENCION
MASTALER, MAGALI	Union Por La Patria	Santa Fe	AFIRMATIVO	AFIRMATIVO	NEGATIVO	NEGATIVO	NEGATIVO	NEGATIVO	NEGATIVO	NEGATIVO	AFIRMATIVO	NEGATIVO	AFIRMATIVO	AFIRMATIVO	AFIRMATIVO	AFIRMATIVO	AFIRMATIVO	AFIRMATIVO	NEGATIVO
MAYORAZ, NICOLAS	La Libertad Avanza	Santa Fe	NEGATIVO	NEGATIVO	AFIRMATIVO	AFIRMATIVO	AFIRMATIVO	AFIRMATIVO	AFIRMATIVO	AFIRMATIVO	NEGATIVO	AFIRMATIVO	NEGATIVO	NEGATIVO	NEGATIVO	NEGATIVO	NEGATIVO	NEGATIVO	AFIRMATIVO
MEDINA, GLADYS	Independencia	Tucumán	NEGATIVO	NEGATIVO	AFIRMATIVO	AFIRMATIVO	AFIRMATIVO	AFIRMATIVO	AFIRMATIVO	AFIRMATIVO	NEGATIVO	AFIRMATIVO	NEGATIVO	AUSENTE	AUSENTE	AUSENTE	AUSENTE	AUSENTE	AFIRMATIVO
MENEM, MARTIN	La Libertad Avanza	La Rioja	PRESIDENTE	PRESIDENTE	PRESIDENTE	AFIRMATIVO	PRESIDENTE	PRESIDENTE	PRESIDENTE	PRESIDENTE	PRESIDENTE	PRESIDENTE	PRESIDENTE	PRESIDENTE	PRESIDENTE	PRESIDENTE	PRESIDENTE	PRESIDENTE	AFIRMATIVO
MILMAN, GERARDO	Pro	Buenos Aires	AUSENTE	NEGATIVO	AFIRMATIVO	AFIRMATIVO	AFIRMATIVO	AFIRMATIVO	AFIRMATIVO	AFIRMATIVO	NEGATIVO	AFIRMATIVO	NEGATIVO	NEGATIVO	NEGATIVO	NEGATIVO	NEGATIVO	NEGATIVO	AFIRMATIVO
MIRABELLA, ROBERTO	Defendamos Santa Fe	Santa Fe	AUSENTE	AUSENTE	NEGATIVO	NEGATIVO	ABSTENCION	ABSTENCION	AFIRMATIVO	AUSENTE	AUSENTE	AUSENTE	AUSENTE	AUSENTE	AUSENTE	AUSENTE	AUSENTE	AUSENTE	NEGATIVO
MOLLE, MATIAS	Union Por La Patria	Buenos Aires	AFIRMATIVO	AFIRMATIVO	NEGATIVO	NEGATIVO	NEGATIVO	NEGATIVO	NEGATIVO	NEGATIVO	AFIRMATIVO	AUSENTE	AFIRMATIVO	AFIRMATIVO	AFIRMATIVO	AFIRMATIVO	AFIRMATIVO	AFIRMATIVO	NEGATIVO
MONTENEGRO, GUILLERMO	La Libertad Avanza	Buenos Aires	NEGATIVO	NEGATIVO	AFIRMATIVO	AFIRMATIVO	AFIRMATIVO	AFIRMATIVO	AFIRMATIVO	AFIRMATIVO	NEGATIVO	AFIRMATIVO	NEGATIVO	NEGATIVO	NEGATIVO	NEGATIVO	NEGATIVO	NEGATIVO	AFIRMATIVO
MONTI, FRANCISCO	Ucr - Union Civica Radical	Catamarca	NEGATIVO	NEGATIVO	AFIRMATIVO	AFIRMATIVO	AFIRMATIVO	AFIRMATIVO	AFIRMATIVO	AFIRMATIVO	NEGATIVO	AFIRMATIVO	AUSENTE	NEGATIVO	NEGATIVO	NEGATIVO	NEGATIVO	NEGATIVO	AFIRMATIVO
MONTOTO, MARIA LUISA	Union Por La Patria	Santiago del Estero	AFIRMATIVO	AFIRMATIVO	NEGATIVO	AFIRMATIVO	NEGATIVO	NEGATIVO	NEGATIVO	NEGATIVO	AFIRMATIVO	NEGATIVO	AFIRMATIVO	AFIRMATIVO	AFIRMATIVO	AFIRMATIVO	AFIRMATIVO	AFIRMATIVO	NEGATIVO
MONZO, EMILIO	Encuentro Federal	Buenos Aires	AFIRMATIVO	NEGATIVO	NEGATIVO	AFIRMATIVO	AFIRMATIVO	AFIRMATIVO	AUSENTE	AUSENTE	AFIRMATIVO	AUSENTE	AUSENTE	AUSENTE	AUSENTE	AUSENTE	AUSENTE	AUSENTE	AFIRMATIVO
MONZON, ROXANA	Union Por La Patria	Buenos Aires	AFIRMATIVO	AFIRMATIVO	NEGATIVO	NEGATIVO	NEGATIVO	NEGATIVO	NEGATIVO	NEGATIVO	AFIRMATIVO	NEGATIVO	AFIRMATIVO	AFIRMATIVO	AFIRMATIVO	AUSENTE	AFIRMATIVO	AFIRMATIVO	NEGATIVO
MORAN, MICAELA	Union Por La Patria	Buenos Aires	AFIRMATIVO	AFIRMATIVO	NEGATIVO	AFIRMATIVO	NEGATIVO	NEGATIVO	AFIRMATIVO	NEGATIVO	AFIRMATIVO	NEGATIVO	AFIRMATIVO	AFIRMATIVO	AFIRMATIVO	AFIRMATIVO	AFIRMATIVO	AFIRMATIVO	NEGATIVO
MORCHIO, FRANCISCO	Encuentro Federal	Entre Ríos	NEGATIVO	NEGATIVO	AFIRMATIVO	AFIRMATIVO	AFIRMATIVO	AFIRMATIVO	AFIRMATIVO	AFIRMATIVO	AUSENTE	AFIRMATIVO	NEGATIVO	AUSENTE	NEGATIVO	NEGATIVO	NEGATIVO	NEGATIVO	AFIRMATIVO
MOREAU, CECILIA	Union Por La Patria	Buenos Aires	AUSENTE	AFIRMATIVO	NEGATIVO	AFIRMATIVO	NEGATIVO	NEGATIVO	NEGATIVO	NEGATIVO	AFIRMATIVO	NEGATIVO	AFIRMATIVO	AFIRMATIVO	AFIRMATIVO	AFIRMATIVO	AUSENTE	AFIRMATIVO	NEGATIVO
MOREAU, LEOPOLDO	Union Por La Patria	Buenos Aires	AFIRMATIVO	AFIRMATIVO	NEGATIVO	NEGATIVO	AUSENTE	AUSENTE	AUSENTE	NEGATIVO	AFIRMATIVO	NEGATIVO	AFIRMATIVO	AFIRMATIVO	AFIRMATIVO	AUSENTE	AFIRMATIVO	AFIRMATIVO	NEGATIVO
MORENO OVALLE, JULIO	La Libertad Avanza	Salta	NEGATIVO	NEGATIVO	AFIRMATIVO	AFIRMATIVO	AFIRMATIVO	AFIRMATIVO	AFIRMATIVO	AFIRMATIVO	NEGATIVO	AFIRMATIVO	NEGATIVO	NEGATIVO	NEGATIVO	NEGATIVO	NEGATIVO	NEGATIVO	AFIRMATIVO
MORENO, MARIA DE LOS ANGELES	Produccion Y Trabajo	San Juan	AUSENTE	NEGATIVO	AFIRMATIVO	AFIRMATIVO	AFIRMATIVO	AFIRMATIVO	AFIRMATIVO	AFIRMATIVO	NEGATIVO	AFIRMATIVO	NEGATIVO	NEGATIVO	NEGATIVO	NEGATIVO	NEGATIVO	NEGATIVO	AFIRMATIVO
MOYANO, NILDA	Union Por La Patria	Santiago del Estero	AFIRMATIVO	AFIRMATIVO	NEGATIVO	AFIRMATIVO	NEGATIVO	NEGATIVO	NEGATIVO	NEGATIVO	AFIRMATIVO	NEGATIVO	AFIRMATIVO	AFIRMATIVO	AFIRMATIVO	AFIRMATIVO	AUSENTE	AFIRMATIVO	NEGATIVO
NEDER, ESTELA MARY	Union Por La Patria	Santiago del Estero	AFIRMATIVO	AFIRMATIVO	NEGATIVO	AFIRMATIVO	NEGATIVO	NEGATIVO	NEGATIVO	NEGATIVO	AFIRMATIVO	NEGATIVO	AFIRMATIVO	AFIRMATIVO	AFIRMATIVO	AFIRMATIVO	AFIRMATIVO	AFIRMATIVO	NEGATIVO
NIERI, LISANDRO	Ucr - Union Civica Radical	Mendoza	NEGATIVO	NEGATIVO	AFIRMATIVO	AFIRMATIVO	AFIRMATIVO	AFIRMATIVO	AFIRMATIVO	AFIRMATIVO	NEGATIVO	AFIRMATIVO	NEGATIVO	NEGATIVO	NEGATIVO	AUSENTE	NEGATIVO	NEGATIVO	AFIRMATIVO
NOBLEGA, SEBASTIAN	Union Por La Patria	Catamarca	AFIRMATIVO	AFIRMATIVO	NEGATIVO	AFIRMATIVO	NEGATIVO	NEGATIVO	ABSTENCION	NEGATIVO	AFIRMATIVO	AFIRMATIVO	AFIRMATIVO	AFIRMATIVO	AFIRMATIVO	AFIRMATIVO	AFIRMATIVO	AFIRMATIVO	NEGATIVO
NUÑEZ, JOSE	Pro	Santa Fe	NEGATIVO	NEGATIVO	AFIRMATIVO	AFIRMATIVO	AFIRMATIVO	AFIRMATIVO	AFIRMATIVO	AFIRMATIVO	NEGATIVO	AFIRMATIVO	NEGATIVO	NEGATIVO	NEGATIVO	NEGATIVO	NEGATIVO	NEGATIVO	AFIRMATIVO
OLIVETO LAGO, PAULA	Coalicion Civica	C.A.B.A.	AFIRMATIVO	NEGATIVO	AFIRMATIVO	AFIRMATIVO	AFIRMATIVO	AFIRMATIVO	AFIRMATIVO	AFIRMATIVO	AFIRMATIVO	AFIRMATIVO	AUSENTE	AUSENTE	AUSENTE	AUSENTE	NEGATIVO	NEGATIVO	AFIRMATIVO
OMODEO, PAULA	Creo	Tucumán	NEGATIVO	NEGATIVO	AFIRMATIVO	AFIRMATIVO	AFIRMATIVO	AFIRMATIVO	AFIRMATIVO	AFIRMATIVO	NEGATIVO	AFIRMATIVO	NEGATIVO	NEGATIVO	NEGATIVO	NEGATIVO	NEGATIVO	NEGATIVO	AFIRMATIVO
OROZCO, EMILIA	La Libertad Avanza	Salta	NEGATIVO	NEGATIVO	AFIRMATIVO	AFIRMATIVO	AFIRMATIVO	AFIRMATIVO	AFIRMATIVO	AFIRMATIVO	NEGATIVO	AFIRMATIVO	NEGATIVO	NEGATIVO	NEGATIVO	NEGATIVO	NEGATIVO	NEGATIVO	AFIRMATIVO
OSUNA, BLANCA INES	Union Por La Patria	Entre Ríos	AFIRMATIVO	AFIRMATIVO	NEGATIVO	NEGATIVO	NEGATIVO	NEGATIVO	NEGATIVO	NEGATIVO	AFIRMATIVO	NEGATIVO	AFIRMATIVO	AFIRMATIVO	AFIRMATIVO	AFIRMATIVO	AFIRMATIVO	AFIRMATIVO	NEGATIVO
OUTES, PABLO	Innovacion Federal	Salta	AUSENTE	AFIRMATIVO	AFIRMATIVO	AFIRMATIVO	AFIRMATIVO	AFIRMATIVO	AUSENTE	AFIRMATIVO	AUSENTE	AUSENTE	AUSENTE	AUSENTE	AUSENTE	AUSENTE	AUSENTE	AUSENTE	AFIRMATIVO
PAGANO, MARCELA MARINA	La Libertad Avanza	Buenos Aires	NEGATIVO	NEGATIVO	AUSENTE	AFIRMATIVO	AFIRMATIVO	AFIRMATIVO	AFIRMATIVO	AFIRMATIVO	NEGATIVO	AFIRMATIVO	NEGATIVO	NEGATIVO	NEGATIVO	NEGATIVO	AUSENTE	AUSENTE	AFIRMATIVO
PALAZZO, SERGIO OMAR	Union Por La Patria	Buenos Aires	AFIRMATIVO	AFIRMATIVO	NEGATIVO	NEGATIVO	NEGATIVO	NEGATIVO	AUSENTE	NEGATIVO	AFIRMATIVO	NEGATIVO	AFIRMATIVO	AFIRMATIVO	AFIRMATIVO	AFIRMATIVO	AFIRMATIVO	AFIRMATIVO	NEGATIVO
PAPONET, LILIANA	Union Por La Patria	Mendoza	AFIRMATIVO	AFIRMATIVO	NEGATIVO	AFIRMATIVO	NEGATIVO	NEGATIVO	AFIRMATIVO	NEGATIVO	AFIRMATIVO	NEGATIVO	AFIRMATIVO	AFIRMATIVO	AFIRMATIVO	AUSENTE	AFIRMATIVO	AFIRMATIVO	NEGATIVO
PAROLA, MARIA GRACIELA	Union Por La Patria	Formosa	AFIRMATIVO	AFIRMATIVO	NEGATIVO	ABSTENCION	NEGATIVO	NEGATIVO	NEGATIVO	NEGATIVO	AFIRMATIVO	NEGATIVO	AFIRMATIVO	AFIRMATIVO	AFIRMATIVO	AUSENTE	AFIRMATIVO	AFIRMATIVO	NEGATIVO
PASSO, MARCELA FABIANA	Union Por La Patria	Buenos Aires	AFIRMATIVO	AFIRMATIVO	NEGATIVO	AFIRMATIVO	NEGATIVO	NEGATIVO	AFIRMATIVO	NEGATIVO	AFIRMATIVO	NEGATIVO	AFIRMATIVO	AFIRMATIVO	AFIRMATIVO	AUSENTE	AFIRMATIVO	AFIRMATIVO	NEGATIVO
PAULI, SANTIAGO	La Libertad Avanza	Tierra del Fuego	NEGATIVO	NEGATIVO	AFIRMATIVO	AFIRMATIVO	AFIRMATIVO	AFIRMATIVO	AFIRMATIVO	AFIRMATIVO	NEGATIVO	AFIRMATIVO	NEGATIVO	NEGATIVO	NEGATIVO	NEGATIVO	NEGATIVO	NEGATIVO	AFIRMATIVO
PAULON, ESTEBAN	Encuentro Federal	Santa Fe	AFIRMATIVO	AFIRMATIVO	NEGATIVO	NEGATIVO	AUSENTE	AUSENTE	AUSENTE	AFIRMATIVO	AFIRMATIVO	AFIRMATIVO	AUSENTE	AUSENTE	AUSENTE	AUSENTE	NEGATIVO	NEGATIVO	AFIRMATIVO
PEDRALI, GABRIELA	Union Por La Patria	La Rioja	AFIRMATIVO	AFIRMATIVO	NEGATIVO	ABSTENCION	NEGATIVO	NEGATIVO	NEGATIVO	AUSENTE	AUSENTE	AUSENTE	AUSENTE	AUSENTE	AUSENTE	AUSENTE	AUSENTE	AUSENTE	AUSENTE
PEDRINI, JUAN MANUEL	Union Por La Patria	Chaco	AFIRMATIVO	AFIRMATIVO	NEGATIVO	ABSTENCION	NEGATIVO	NEGATIVO	NEGATIVO	NEGATIVO	AFIRMATIVO	NEGATIVO	AFIRMATIVO	AFIRMATIVO	AFIRMATIVO	AFIRMATIVO	AFIRMATIVO	AFIRMATIVO	NEGATIVO
PELUC, JOSE	La Libertad Avanza	San Juan	NEGATIVO	NEGATIVO	AFIRMATIVO	AFIRMATIVO	AFIRMATIVO	AFIRMATIVO	AFIRMATIVO	AFIRMATIVO	NEGATIVO	AFIRMATIVO	NEGATIVO	NEGATIVO	NEGATIVO	NEGATIVO	NEGATIVO	NEGATIVO	AFIRMATIVO
PENACCA, PAULA ANDREA	Union Por La Patria	C.A.B.A.	AFIRMATIVO	AFIRMATIVO	NEGATIVO	NEGATIVO	NEGATIVO	NEGATIVO	NEGATIVO	NEGATIVO	AFIRMATIVO	NEGATIVO	AFIRMATIVO	AFIRMATIVO	AFIRMATIVO	AFIRMATIVO	AFIRMATIVO	AFIRMATIVO	NEGATIVO
PEREYRA, JULIO	Union Por La Patria	Buenos Aires	AFIRMATIVO	AFIRMATIVO	AUSENTE	AUSENTE	NEGATIVO	NEGATIVO	NEGATIVO	NEGATIVO	AFIRMATIVO	NEGATIVO	AFIRMATIVO	AUSENTE	AFIRMATIVO	AFIRMATIVO	AFIRMATIVO	AFIRMATIVO	NEGATIVO
PICAT, LUIS ALBINO	Ucr - Union Civica Radical	Córdoba	NEGATIVO	NEGATIVO	AFIRMATIVO	AFIRMATIVO	AFIRMATIVO	AFIRMATIVO	AFIRMATIVO	AFIRMATIVO	AUSENTE	AFIRMATIVO	NEGATIVO	AUSENTE	AUSENTE	AUSENTE	AUSENTE	AUSENTE	AFIRMATIVO
PICHETTO, MIGUEL ANGEL	Encuentro Federal	Buenos Aires	AFIRMATIVO	NEGATIVO	AFIRMATIVO	AFIRMATIVO	AFIRMATIVO	AFIRMATIVO	AFIRMATIVO	AUSENTE	AUSENTE	AUSENTE	AUSENTE	AUSENTE	AUSENTE	AUSENTE	AUSENTE	AUSENTE	ABSTENCION
PICON MARTINEZ, NANCY VIVIANA	Produccion Y Trabajo	San Juan	NEGATIVO	NEGATIVO	AFIRMATIVO	AFIRMATIVO	AFIRMATIVO	AFIRMATIVO	AFIRMATIVO	AFIRMATIVO	NEGATIVO	AFIRMATIVO	NEGATIVO	NEGATIVO	NEGATIVO	NEGATIVO	NEGATIVO	NEGATIVO	AFIRMATIVO
PIPARO, CAROLINA	La Libertad Avanza	Buenos Aires	NEGATIVO	NEGATIVO	AFIRMATIVO	AFIRMATIVO	AFIRMATIVO	AFIRMATIVO	AFIRMATIVO	AFIRMATIVO	NEGATIVO	AFIRMATIVO	NEGATIVO	NEGATIVO	NEGATIVO	NEGATIVO	AUSENTE	AUSENTE	AFIRMATIVO
POKOIK, LORENA	Union Por La Patria	C.A.B.A.	AUSENTE	AUSENTE	AUSENTE	AUSENTE	AUSENTE	AUSENTE	AUSENTE	NEGATIVO	AFIRMATIVO	NEGATIVO	AFIRMATIVO	AFIRMATIVO	AFIRMATIVO	AUSENTE	AFIRMATIVO	AFIRMATIVO	NEGATIVO
POLINI, JUAN CARLOS	Democracia Para Siempre	Chaco	AFIRMATIVO	AFIRMATIVO	AFIRMATIVO	AFIRMATIVO	AUSENTE	AUSENTE	AUSENTE	NEGATIVO	AFIRMATIVO	AFIRMATIVO	NEGATIVO	AUSENTE	AUSENTE	AUSENTE	AUSENTE	AUSENTE	AFIRMATIVO
PONCE, MARIA CELESTE	La Libertad Avanza	Córdoba	NEGATIVO	NEGATIVO	AFIRMATIVO	AFIRMATIVO	AFIRMATIVO	AFIRMATIVO	AFIRMATIVO	AFIRMATIVO	NEGATIVO	AFIRMATIVO	NEGATIVO	NEGATIVO	NEGATIVO	NEGATIVO	NEGATIVO	NEGATIVO	AFIRMATIVO
POTENZA, LUCIANA	Union Por La Patria	Buenos Aires	AFIRMATIVO	AFIRMATIVO	NEGATIVO	NEGATIVO	NEGATIVO	NEGATIVO	NEGATIVO	NEGATIVO	AFIRMATIVO	NEGATIVO	AFIRMATIVO	AFIRMATIVO	AFIRMATIVO	AFIRMATIVO	AFIRMATIVO	AFIRMATIVO	NEGATIVO
PROPATO, AGUSTINA LUCRECIA	Union Por La Patria	Buenos Aires	AFIRMATIVO	AFIRMATIVO	NEGATIVO	NEGATIVO	NEGATIVO	NEGATIVO	NEGATIVO	NEGATIVO	AFIRMATIVO	NEGATIVO	AFIRMATIVO	AUSENTE	AUSENTE	AFIRMATIVO	AFIRMATIVO	AUSENTE	NEGATIVO
QUETGLAS, FABIO JOSE	Ucr - Union Civica Radical	Buenos Aires	AFIRMATIVO	NEGATIVO	AFIRMATIVO	NEGATIVO	AFIRMATIVO	AFIRMATIVO	AFIRMATIVO	AFIRMATIVO	AUSENTE	AFIRMATIVO	NEGATIVO	AUSENTE	NEGATIVO	NEGATIVO	NEGATIVO	NEGATIVO	AFIRMATIVO
QUINTAR, MANUEL	La Libertad Avanza	Jujuy	NEGATIVO	NEGATIVO	AFIRMATIVO	AFIRMATIVO	AFIRMATIVO	AFIRMATIVO	AFIRMATIVO	AFIRMATIVO	NEGATIVO	AFIRMATIVO	NEGATIVO	NEGATIVO	NEGATIVO	NEGATIVO	NEGATIVO	NEGATIVO	AFIRMATIVO
QUIROZ, MARILU	Pro	Chaco	NEGATIVO	NEGATIVO	AFIRMATIVO	AFIRMATIVO	AFIRMATIVO	AFIRMATIVO	AFIRMATIVO	AFIRMATIVO	NEGATIVO	AFIRMATIVO	NEGATIVO	NEGATIVO	NEGATIVO	NEGATIVO	NEGATIVO	NEGATIVO	AFIRMATIVO
RANDAZZO, FLORENCIO	Encuentro Federal	Buenos Aires	AFIRMATIVO	NEGATIVO	AFIRMATIVO	AFIRMATIVO	AFIRMATIVO	AFIRMATIVO	AFIRMATIVO	AUSENTE	AFIRMATIVO	AUSENTE	AUSENTE	AUSENTE	AUSENTE	AUSENTE	AUSENTE	AUSENTE	AFIRMATIVO
RAUSCHENBERGER, ARIEL	Union Por La Patria	La Pampa	AFIRMATIVO	AFIRMATIVO	NEGATIVO	ABSTENCION	NEGATIVO	NEGATIVO	NEGATIVO	NEGATIVO	AFIRMATIVO	NEGATIVO	AFIRMATIVO	AFIRMATIVO	AFIRMATIVO	AFIRMATIVO	AFIRMATIVO	AFIRMATIVO	NEGATIVO
RAZZINI, VERONICA	Pro	Santa Fe	NEGATIVO	NEGATIVO	AFIRMATIVO	AFIRMATIVO	AFIRMATIVO	AFIRMATIVO	AFIRMATIVO	AFIRMATIVO	NEGATIVO	AFIRMATIVO	NEGATIVO	NEGATIVO	NEGATIVO	NEGATIVO	NEGATIVO	NEGATIVO	AFIRMATIVO
REYES, ROXANA	Ucr - Union Civica Radical	Santa Cruz	ABSTENCION	NEGATIVO	AFIRMATIVO	AFIRMATIVO	AFIRMATIVO	AFIRMATIVO	AFIRMATIVO	AFIRMATIVO	NEGATIVO	AUSENTE	NEGATIVO	NEGATIVO	NEGATIVO	NEGATIVO	NEGATIVO	NEGATIVO	AFIRMATIVO
RITONDO, CRISTIAN A.	Pro	Buenos Aires	NEGATIVO	NEGATIVO	AFIRMATIVO	AFIRMATIVO	AFIRMATIVO	AFIRMATIVO	AFIRMATIVO	AFIRMATIVO	NEGATIVO	AFIRMATIVO	NEGATIVO	NEGATIVO	NEGATIVO	NEGATIVO	NEGATIVO	NEGATIVO	AFIRMATIVO
RIZZOTTI, JORGE	Democracia Para Siempre	Jujuy	AUSENTE	AUSENTE	AUSENTE	AUSENTE	AUSENTE	AUSENTE	AUSENTE	NEGATIVO	AFIRMATIVO	AFIRMATIVO	NEGATIVO	AUSENTE	AUSENTE	AUSENTE	AUSENTE	AUSENTE	AFIRMATIVO
RODRIGUEZ MACHADO, LAURA	Pro	Córdoba	NEGATIVO	NEGATIVO	AFIRMATIVO	AFIRMATIVO	AFIRMATIVO	AFIRMATIVO	AFIRMATIVO	AFIRMATIVO	NEGATIVO	AFIRMATIVO	NEGATIVO	NEGATIVO	NEGATIVO	NEGATIVO	NEGATIVO	NEGATIVO	AFIRMATIVO
ROMERO, ANA CLARA	Pro	Chubut	AUSENTE	AUSENTE	AUSENTE	AUSENTE	AUSENTE	AUSENTE	AUSENTE	AFIRMATIVO	AUSENTE	AFIRMATIVO	NEGATIVO	NEGATIVO	NEGATIVO	NEGATIVO	NEGATIVO	NEGATIVO	AFIRMATIVO
ROMERO, JORGE ANTONIO	Union Por La Patria	Corrientes	AFIRMATIVO	AFIRMATIVO	NEGATIVO	ABSTENCION	NEGATIVO	NEGATIVO	NEGATIVO	NEGATIVO	AFIRMATIVO	NEGATIVO	AFIRMATIVO	AFIRMATIVO	AFIRMATIVO	AFIRMATIVO	AFIRMATIVO	AFIRMATIVO	NEGATIVO
RUIZ, YAMILA	Innovacion Federal	Misiones	AUSENTE	AUSENTE	AFIRMATIVO	AFIRMATIVO	AFIRMATIVO	AFIRMATIVO	AFIRMATIVO	AFIRMATIVO	AUSENTE	AFIRMATIVO	AUSENTE	AUSENTE	AUSENTE	AUSENTE	AUSENTE	NEGATIVO	AFIRMATIVO
SANCHEZ, ROBERTO ANTONIO	Ucr - Union Civica Radical	Tucumán	ABSTENCION	AUSENTE	AFIRMATIVO	AFIRMATIVO	AFIRMATIVO	AFIRMATIVO	AFIRMATIVO	AFIRMATIVO	NEGATIVO	AFIRMATIVO	NEGATIVO	NEGATIVO	NEGATIVO	AUSENTE	NEGATIVO	NEGATIVO	AFIRMATIVO
SAND, NANCY	Union Por La Patria	Corrientes	AFIRMATIVO	AFIRMATIVO	NEGATIVO	ABSTENCION	NEGATIVO	NEGATIVO	NEGATIVO	NEGATIVO	AFIRMATIVO	NEGATIVO	AFIRMATIVO	AFIRMATIVO	AFIRMATIVO	AFIRMATIVO	AFIRMATIVO	AFIRMATIVO	NEGATIVO
SANTILLAN JUAREZ BRAHIM, JULIANA	La Libertad Avanza	Buenos Aires	NEGATIVO	NEGATIVO	AFIRMATIVO	AFIRMATIVO	AFIRMATIVO	AFIRMATIVO	AFIRMATIVO	AFIRMATIVO	NEGATIVO	AFIRMATIVO	NEGATIVO	NEGATIVO	NEGATIVO	NEGATIVO	NEGATIVO	NEGATIVO	AFIRMATIVO
SANTILLI, DIEGO	Pro	Buenos Aires	NEGATIVO	NEGATIVO	AFIRMATIVO	AFIRMATIVO	AFIRMATIVO	AFIRMATIVO	AFIRMATIVO	AFIRMATIVO	NEGATIVO	AFIRMATIVO	NEGATIVO	NEGATIVO	NEGATIVO	NEGATIVO	NEGATIVO	NEGATIVO	AFIRMATIVO
SANTORO, LEANDRO	Union Por La Patria	C.A.B.A.	AUSENTE	AFIRMATIVO	NEGATIVO	ABSTENCION	AUSENTE	AUSENTE	AUSENTE	AUSENTE	AUSENTE	AUSENTE	AUSENTE	AUSENTE	AUSENTE	AUSENTE	AFIRMATIVO	AFIRMATIVO	NEGATIVO
SANTURIO, SANTIAGO	La Libertad Avanza	Buenos Aires	NEGATIVO	NEGATIVO	AFIRMATIVO	AFIRMATIVO	AFIRMATIVO	AFIRMATIVO	AFIRMATIVO	AFIRMATIVO	NEGATIVO	AFIRMATIVO	NEGATIVO	NEGATIVO	NEGATIVO	NEGATIVO	NEGATIVO	NEGATIVO	AFIRMATIVO
SARAPURA, NATALIA SILVINA	Ucr - Union Civica Radical	Jujuy	AFIRMATIVO	AUSENTE	AFIRMATIVO	AFIRMATIVO	AFIRMATIVO	AFIRMATIVO	AFIRMATIVO	AFIRMATIVO	AFIRMATIVO	AFIRMATIVO	NEGATIVO	NEGATIVO	NEGATIVO	NEGATIVO	NEGATIVO	NEGATIVO	AFIRMATIVO
SCHLOTTHAUER, MONICA LETICIA	Izquierda Socialista Fit-unidad	Buenos Aires	AFIRMATIVO	AFIRMATIVO	NEGATIVO	NEGATIVO	NEGATIVO	NEGATIVO	NEGATIVO	NEGATIVO	ABSTENCION	AUSENTE	AFIRMATIVO	AFIRMATIVO	AFIRMATIVO	AFIRMATIVO	AFIRMATIVO	AFIRMATIVO	NEGATIVO
SELVA, SABRINA	Union Por La Patria	Buenos Aires	AFIRMATIVO	AFIRMATIVO	NEGATIVO	AFIRMATIVO	NEGATIVO	NEGATIVO	AFIRMATIVO	NEGATIVO	AFIRMATIVO	NEGATIVO	AFIRMATIVO	AFIRMATIVO	AFIRMATIVO	AFIRMATIVO	AFIRMATIVO	AFIRMATIVO	NEGATIVO
SILEY, VANESA RAQUEL	Union Por La Patria	Buenos Aires	AFIRMATIVO	AFIRMATIVO	NEGATIVO	NEGATIVO	NEGATIVO	NEGATIVO	NEGATIVO	NEGATIVO	AFIRMATIVO	NEGATIVO	AFIRMATIVO	AFIRMATIVO	AFIRMATIVO	AFIRMATIVO	AFIRMATIVO	AFIRMATIVO	NEGATIVO
SNOPEK, GUILLERMO	Union Por La Patria	Jujuy	AFIRMATIVO	AFIRMATIVO	NEGATIVO	NEGATIVO	NEGATIVO	NEGATIVO	AFIRMATIVO	NEGATIVO	AFIRMATIVO	NEGATIVO	AFIRMATIVO	AFIRMATIVO	AFIRMATIVO	AUSENTE	AUSENTE	AUSENTE	NEGATIVO
SORIA, MARTIN	Union Por La Patria	Rio Negro	AFIRMATIVO	AFIRMATIVO	NEGATIVO	NEGATIVO	NEGATIVO	NEGATIVO	NEGATIVO	NEGATIVO	AFIRMATIVO	AUSENTE	AFIRMATIVO	AFIRMATIVO	AFIRMATIVO	AFIRMATIVO	AFIRMATIVO	AFIRMATIVO	NEGATIVO
SOTOLANO, MARIA	Pro	Buenos Aires	NEGATIVO	NEGATIVO	AFIRMATIVO	AFIRMATIVO	AFIRMATIVO	AFIRMATIVO	AFIRMATIVO	AFIRMATIVO	NEGATIVO	AFIRMATIVO	NEGATIVO	NEGATIVO	NEGATIVO	NEGATIVO	NEGATIVO	NEGATIVO	AFIRMATIVO
STOLBIZER, MARGARITA	Encuentro Federal	Buenos Aires	AUSENTE	AUSENTE	NEGATIVO	NEGATIVO	AFIRMATIVO	NEGATIVO	AFIRMATIVO	AFIRMATIVO	AUSENTE	AUSENTE	AUSENTE	AUSENTE	AUSENTE	AUSENTE	AUSENTE	AUSENTE	AFIRMATIVO
STRADA, JULIA	Union Por La Patria	Buenos Aires	AFIRMATIVO	AFIRMATIVO	NEGATIVO	NEGATIVO	NEGATIVO	NEGATIVO	NEGATIVO	NEGATIVO	AFIRMATIVO	NEGATIVO	AFIRMATIVO	AFIRMATIVO	AFIRMATIVO	AFIRMATIVO	AFIRMATIVO	AFIRMATIVO	NEGATIVO
TAILHADE, RODOLFO	Union Por La Patria	Buenos Aires	AFIRMATIVO	AFIRMATIVO	NEGATIVO	NEGATIVO	NEGATIVO	NEGATIVO	NEGATIVO	NEGATIVO	AFIRMATIVO	NEGATIVO	AFIRMATIVO	AFIRMATIVO	AFIRMATIVO	AFIRMATIVO	AFIRMATIVO	AFIRMATIVO	NEGATIVO
TAVELA, DANYA	Democracia Para Siempre	Buenos Aires	AFIRMATIVO	AUSENTE	AFIRMATIVO	AFIRMATIVO	AFIRMATIVO	AFIRMATIVO	AFIRMATIVO	NEGATIVO	AUSENTE	AUSENTE	AUSENTE	AUSENTE	AUSENTE	AUSENTE	AUSENTE	AUSENTE	AFIRMATIVO
TETAZ, MARTIN ALBERTO	Ucr - Union Civica Radical	C.A.B.A.	AUSENTE	AUSENTE	AFIRMATIVO	NEGATIVO	AFIRMATIVO	AFIRMATIVO	AFIRMATIVO	AFIRMATIVO	AUSENTE	AFIRMATIVO	AUSENTE	AUSENTE	AUSENTE	AUSENTE	AUSENTE	AUSENTE	AFIRMATIVO
TODERO, PABLO	Union Por La Patria	Neuquén	AFIRMATIVO	AFIRMATIVO	NEGATIVO	NEGATIVO	NEGATIVO	NEGATIVO	AFIRMATIVO	NEGATIVO	AFIRMATIVO	NEGATIVO	AFIRMATIVO	AFIRMATIVO	AFIRMATIVO	AFIRMATIVO	AFIRMATIVO	AFIRMATIVO	NEGATIVO
TOLOSA PAZ, VICTORIA	Union Por La Patria	Buenos Aires	AFIRMATIVO	AFIRMATIVO	NEGATIVO	ABSTENCION	NEGATIVO	NEGATIVO	NEGATIVO	NEGATIVO	AFIRMATIVO	NEGATIVO	AFIRMATIVO	AUSENTE	AFIRMATIVO	AFIRMATIVO	AFIRMATIVO	AFIRMATIVO	NEGATIVO
TONIOLLI, EDUARDO	Union Por La Patria	Santa Fe	AFIRMATIVO	AFIRMATIVO	NEGATIVO	NEGATIVO	NEGATIVO	NEGATIVO	NEGATIVO	NEGATIVO	AFIRMATIVO	NEGATIVO	AFIRMATIVO	AFIRMATIVO	AFIRMATIVO	AUSENTE	AFIRMATIVO	AFIRMATIVO	NEGATIVO
TORRES, ALEJANDRA	Encuentro Federal	Córdoba	AFIRMATIVO	ABSTENCION	AFIRMATIVO	AFIRMATIVO	AFIRMATIVO	AFIRMATIVO	AFIRMATIVO	AFIRMATIVO	AFIRMATIVO	AFIRMATIVO	NEGATIVO	NEGATIVO	NEGATIVO	ABSTENCION	NEGATIVO	NEGATIVO	AFIRMATIVO
TORTORIELLO, ANIBAL	Pro	Rio Negro	NEGATIVO	NEGATIVO	AFIRMATIVO	AFIRMATIVO	AFIRMATIVO	AFIRMATIVO	AFIRMATIVO	AFIRMATIVO	NEGATIVO	AFIRMATIVO	NEGATIVO	NEGATIVO	NEGATIVO	NEGATIVO	NEGATIVO	NEGATIVO	AFIRMATIVO
TOURNIER, JOSE FEDERICO	Ucr - Union Civica Radical	Corrientes	NEGATIVO	NEGATIVO	AFIRMATIVO	AFIRMATIVO	AFIRMATIVO	AFIRMATIVO	AFIRMATIVO	AFIRMATIVO	NEGATIVO	AFIRMATIVO	NEGATIVO	NEGATIVO	NEGATIVO	NEGATIVO	NEGATIVO	NEGATIVO	AFIRMATIVO
TREFFINGER, CESAR	La Libertad Avanza	Chubut	NEGATIVO	NEGATIVO	AFIRMATIVO	AFIRMATIVO	AFIRMATIVO	AFIRMATIVO	AFIRMATIVO	AFIRMATIVO	NEGATIVO	AFIRMATIVO	NEGATIVO	NEGATIVO	NEGATIVO	NEGATIVO	NEGATIVO	NEGATIVO	AFIRMATIVO
VALDES, EDUARDO FELIX	Union Por La Patria	C.A.B.A.	AUSENTE	AUSENTE	NEGATIVO	NEGATIVO	NEGATIVO	NEGATIVO	NEGATIVO	NEGATIVO	AFIRMATIVO	NEGATIVO	AUSENTE	AUSENTE	AUSENTE	AFIRMATIVO	AFIRMATIVO	AFIRMATIVO	NEGATIVO
VANCSIK, DANIEL	Innovacion Federal	Misiones	AUSENTE	AUSENTE	AFIRMATIVO	AFIRMATIVO	AFIRMATIVO	AFIRMATIVO	AFIRMATIVO	AFIRMATIVO	AUSENTE	AFIRMATIVO	NEGATIVO	AUSENTE	AUSENTE	AUSENTE	ABSTENCION	NEGATIVO	AFIRMATIVO
VARGAS MATYI, BRENDA	Union Por La Patria	Buenos Aires	AFIRMATIVO	AFIRMATIVO	NEGATIVO	NEGATIVO	NEGATIVO	NEGATIVO	NEGATIVO	NEGATIVO	AFIRMATIVO	NEGATIVO	AFIRMATIVO	AFIRMATIVO	AFIRMATIVO	AFIRMATIVO	AFIRMATIVO	AFIRMATIVO	NEGATIVO
VASQUEZ, PATRICIA	Pro	Buenos Aires	NEGATIVO	NEGATIVO	AFIRMATIVO	AFIRMATIVO	AFIRMATIVO	AFIRMATIVO	AFIRMATIVO	AFIRMATIVO	NEGATIVO	AFIRMATIVO	NEGATIVO	NEGATIVO	NEGATIVO	NEGATIVO	NEGATIVO	NEGATIVO	AFIRMATIVO
VEGA, YOLANDA	Innovacion Federal	Salta	ABSTENCION	AUSENTE	AFIRMATIVO	AFIRMATIVO	AFIRMATIVO	AFIRMATIVO	AFIRMATIVO	AFIRMATIVO	AFIRMATIVO	AUSENTE	AUSENTE	AUSENTE	AFIRMATIVO	AUSENTE	AFIRMATIVO	AFIRMATIVO	AFIRMATIVO
VERASAY, PAMELA FERNANDA	Ucr - Union Civica Radical	Mendoza	ABSTENCION	NEGATIVO	AFIRMATIVO	AFIRMATIVO	AFIRMATIVO	AFIRMATIVO	AFIRMATIVO	AFIRMATIVO	NEGATIVO	AFIRMATIVO	NEGATIVO	NEGATIVO	NEGATIVO	NEGATIVO	NEGATIVO	NEGATIVO	AFIRMATIVO
VIDAL, MARIA EUGENIA	Pro	C.A.B.A.	NEGATIVO	NEGATIVO	AFIRMATIVO	AFIRMATIVO	AFIRMATIVO	AFIRMATIVO	AFIRMATIVO	AFIRMATIVO	NEGATIVO	AFIRMATIVO	NEGATIVO	NEGATIVO	NEGATIVO	NEGATIVO	NEGATIVO	NEGATIVO	AFIRMATIVO
VILCA, ALEJANDRO	Pts-frente De Izquierda Unidad	Jujuy	AFIRMATIVO	AFIRMATIVO	NEGATIVO	NEGATIVO	NEGATIVO	NEGATIVO	NEGATIVO	NEGATIVO	ABSTENCION	AUSENTE	AFIRMATIVO	AFIRMATIVO	AFIRMATIVO	AFIRMATIVO	AFIRMATIVO	AFIRMATIVO	NEGATIVO
VILLAVERDE, LORENA	La Libertad Avanza	Rio Negro	NEGATIVO	NEGATIVO	AFIRMATIVO	AFIRMATIVO	AFIRMATIVO	AFIRMATIVO	AFIRMATIVO	AFIRMATIVO	NEGATIVO	AUSENTE	AUSENTE	AUSENTE	AUSENTE	AUSENTE	NEGATIVO	NEGATIVO	AFIRMATIVO
VOLNOVICH, LUANA	Union Por La Patria	Buenos Aires	AUSENTE	AUSENTE	NEGATIVO	NEGATIVO	NEGATIVO	NEGATIVO	NEGATIVO	AUSENTE	AFIRMATIVO	NEGATIVO	AFIRMATIVO	AFIRMATIVO	AFIRMATIVO	AFIRMATIVO	AFIRMATIVO	AFIRMATIVO	NEGATIVO
YASKY, HUGO	Union Por La Patria	Buenos Aires	AUSENTE	AFIRMATIVO	NEGATIVO	NEGATIVO	NEGATIVO	NEGATIVO	NEGATIVO	NEGATIVO	AFIRMATIVO	NEGATIVO	AFIRMATIVO	AFIRMATIVO	AUSENTE	AUSENTE	AFIRMATIVO	AFIRMATIVO	NEGATIVO
YEDLIN, PABLO RAUL	Union Por La Patria	Tucumán	AFIRMATIVO	AFIRMATIVO	NEGATIVO	AFIRMATIVO	NEGATIVO	NEGATIVO	AFIRMATIVO	NEGATIVO	AFIRMATIVO	AFIRMATIVO	AFIRMATIVO	AFIRMATIVO	AFIRMATIVO	AFIRMATIVO	AFIRMATIVO	AFIRMATIVO	NEGATIVO
YEZA, MARTIN	Pro	Buenos Aires	NEGATIVO	NEGATIVO	AFIRMATIVO	AFIRMATIVO	AFIRMATIVO	AFIRMATIVO	AFIRMATIVO	AFIRMATIVO	NEGATIVO	AFIRMATIVO	NEGATIVO	NEGATIVO	NEGATIVO	NEGATIVO	NEGATIVO	NEGATIVO	AFIRMATIVO
YUTROVIC, CAROLINA	Union Por La Patria	Tierra del Fuego	AFIRMATIVO	AFIRMATIVO	NEGATIVO	NEGATIVO	NEGATIVO	NEGATIVO	NEGATIVO	NEGATIVO	AFIRMATIVO	NEGATIVO	AFIRMATIVO	AFIRMATIVO	AFIRMATIVO	AFIRMATIVO	AFIRMATIVO	AFIRMATIVO	NEGATIVO
ZABALA CHACUR, NATALIA	Union Por La Patria	San Luis	AUSENTE	AUSENTE	AUSENTE	AUSENTE	AUSENTE	AUSENTE	AUSENTE	AUSENTE	AUSENTE	AUSENTE	AUSENTE	AUSENTE	AUSENTE	AUSENTE	AUSENTE	AUSENTE	AUSENTE
ZAGO, OSCAR	Mid - Movimiento De Integracion Y Desarrollo	C.A.B.A.	NEGATIVO	NEGATIVO	AFIRMATIVO	AFIRMATIVO	AFIRMATIVO	AFIRMATIVO	AFIRMATIVO	AFIRMATIVO	NEGATIVO	AFIRMATIVO	NEGATIVO	NEGATIVO	NEGATIVO	NEGATIVO	NEGATIVO	NEGATIVO	AFIRMATIVO
ZAPATA, CARLOS RAUL	La Libertad Avanza	Salta	NEGATIVO	NEGATIVO	AFIRMATIVO	AFIRMATIVO	AFIRMATIVO	AFIRMATIVO	AFIRMATIVO	AFIRMATIVO	NEGATIVO	AFIRMATIVO	NEGATIVO	NEGATIVO	NEGATIVO	NEGATIVO	NEGATIVO	NEGATIVO	AFIRMATIVO
ZARACHO, NATALIA	Union Por La Patria	Buenos Aires	AFIRMATIVO	AFIRMATIVO	NEGATIVO	NEGATIVO	NEGATIVO	NEGATIVO	AUSENTE	NEGATIVO	AUSENTE	NEGATIVO	AFIRMATIVO	AFIRMATIVO	AFIRMATIVO	AFIRMATIVO	AFIRMATIVO	AFIRMATIVO	NEGATIVO
ZULLI, CHRISTIAN ALEJANDRO	Union Por La Patria	Corrientes	AFIRMATIVO	AFIRMATIVO	NEGATIVO	NEGATIVO	NEGATIVO	NEGATIVO	NEGATIVO	NEGATIVO	AFIRMATIVO	NEGATIVO	AFIRMATIVO	AFIRMATIVO	AFIRMATIVO	AFIRMATIVO	AFIRMATIVO	AFIRMATIVO	NEGATIVO
